name,season,team,games,minutes,poss,pts,fg2a,fg3a,fta,orb,drb,ast,stl,blk,tov,pf,pts100,fg2a100,fg3a100,fta100,orb100,drb100,ast100,stl100,blk100,tov100,pf100,dre,dre_rapm_scale,dre_total,dre_rank
A'ja Wilson,2026,LV,28,876.0,1791.552024888081,735.0,424.0,68.0,219.0,55.0,212.0,87.0,42.0,54.0,64.0,48.0,41.0258809004397,23.66663061467542,3.7955917023536054,12.224037982579993,3.0699638769036515,11.83331530733771,4.856124678011231,2.3443360514536975,3.0141463518690395,3.5723216022151583,2.6792412016613683,15.898,5.975,284.82,1
Olivia Miles,2026,MIN,29,880.0,1826.1674620764034,554.0,290.0,103.0,141.0,21.0,123.0,171.0,39.0,20.0,84.0,85.0,30.33675780040931,15.8802522781926,5.640227533289095,7.72108817663847,1.1499493029036019,6.73541734557824,9.363872895072186,2.1356201339638323,1.0951898122891446,4.5997972116144075,4.654556702228866,10.142,3.812,185.21,2
Kelsey Plum,2026,LA,12,415.0,859.1697527340839,287.0,107.0,81.0,72.0,3.0,23.0,77.0,14.0,0.0,37.0,41.0,33.404341701590084,12.453883491533585,9.427706194525424,8.3801832840226,0.34917430350094164,2.6770029935072195,8.96214045652417,1.6294800830043945,0.0,4.306483076511613,4.772048814512869,9.991,3.755,85.84,3
Courtney Vandersloot,2026,CHI,12,227.0,484.83885837324505,103.0,53.0,23.0,36.0,7.0,25.0,54.0,15.0,3.0,19.0,22.0,21.244171794643403,10.93146703996214,4.743844187153382,7.425147423370509,1.4437786656553768,5.156352377340632,11.137721135055765,3.093811426404379,0.6187622852808758,3.9188278067788804,4.537590092059756,9.938,3.735,48.18,4
Jackie Young,2026,LV,31,981.0,1994.6545627066478,541.0,243.0,167.0,85.0,23.0,108.0,203.0,31.0,10.0,69.0,70.0,27.12249078687037,12.182560556764326,8.372377008146676,4.261389495164476,1.1530818633974462,5.414471358561922,10.177200794333983,1.5541538158835146,0.5013399406075854,3.459245590192339,3.509379584253098,9.831,3.695,196.09,5
Chennedy Carter,2026,LV,14,244.0,510.943245645916,177.0,92.0,22.0,42.0,10.0,16.0,20.0,13.0,4.0,18.0,35.0,34.641812277260456,18.005913726033683,4.305761977964577,8.220091048841464,1.9571645354384442,3.1314632567015104,3.9143290708768883,2.544313896069977,0.7828658141753776,3.5228961637891993,6.850075874034554,9.3,3.495,47.52,6
Jordin Canada,2026,ATL,28,883.0,1848.675543146747,316.0,170.0,73.0,102.0,19.0,85.0,216.0,62.0,6.0,71.0,75.0,17.093318574557248,9.195772650869404,3.948772961843921,5.517463590521643,1.0277628256854041,4.597886325434702,11.684040544634069,3.3537523785523717,0.32455668179539077,3.840587401245458,4.056958522442384,9.242,3.474,170.85,7
Caitlin Clark,2026,IND,26,760.0,1628.0220763901934,558.0,186.0,201.0,167.0,10.0,96.0,204.0,24.0,16.0,121.0,81.0,34.27471949503603,11.424906498345342,12.346269925631258,10.257846157116518,0.6142422848572766,5.896725934629854,12.53054261108844,1.4741814836574636,0.9827876557716424,7.432331646773046,4.97536250734394,9.214,3.463,150.01,8
Aliyah Boston,2026,IND,27,696.0,1459.722445172928,441.0,243.0,69.0,101.0,50.0,166.0,75.0,36.0,30.0,69.0,86.0,30.211222788162058,16.647000311844398,4.726926014474335,6.919123586404462,3.4253087061408225,11.372024904387532,5.137963059211234,2.4662222684213924,2.0551852236844934,4.726926014474335,5.891530974562214,9.117,3.427,133.08,9
Paige Bueckers,2026,DAL,28,935.0,1922.9634454031288,573.0,295.0,133.0,99.0,18.0,96.0,169.0,19.0,12.0,58.0,69.0,29.79775831775505,15.340905242125203,6.916408126110685,5.148303793119983,0.9360552351127243,4.992294587267863,8.788518596336132,0.9880583037300978,0.6240368234084829,3.016177979807667,3.5882117345987763,8.71,3.274,167.49,10
Breanna Stewart,2026,NY,31,1040.0,2131.623341336524,648.0,369.0,93.0,218.0,55.0,218.0,99.0,41.0,46.0,71.0,71.0,30.399366878470435,17.31075058357344,4.362872098298997,10.226947499238511,2.580193176413385,10.226947499238511,4.644347717544093,1.92341673150816,2.157979747545741,3.330794827733643,3.330794827733643,8.683,3.264,185.09,11
Nneka Ogwumike,2026,LA,27,836.0,1776.4822060179429,460.0,235.0,97.0,77.0,45.0,196.0,82.0,29.0,12.0,42.0,48.0,25.8938703940699,13.228390310013971,5.460229191793001,4.334408739876919,2.5330960168111862,11.03304042877761,4.61586385285594,1.6324396552783198,0.6754922711496496,2.3642229490237736,2.7019690845985984,8.595,3.23,152.69,12
Jessica Shepard,2026,DAL,30,990.0,2023.7973150646449,433.0,292.0,10.0,107.0,96.0,253.0,165.0,22.0,3.0,59.0,68.0,21.395423186741848,14.42832233378434,0.49412062786932676,5.287090718201797,4.743558027545537,12.501251885093968,8.15299035984389,1.0870653813125188,0.14823618836079802,2.915311704429028,3.360020269511422,8.576,3.223,173.56,13
Veronica Burton,2026,GS,28,797.0,1546.5722091665928,336.0,160.0,102.0,101.0,29.0,66.0,154.0,37.0,15.0,47.0,81.0,21.7254647412203,10.345459400581095,6.595230367870449,6.530571246616816,1.8751145163553238,4.267502002739702,9.957504673059304,2.3923874863843784,0.9698868188044777,3.0389786989206966,5.2373888215441795,8.433,3.169,130.42,14
Alyssa Thomas,2026,PHX,28,947.0,1918.5962422239802,417.0,306.0,1.0,142.0,45.0,153.0,232.0,40.0,13.0,99.0,73.0,21.7346407140163,15.949160811724191,0.05212144056119017,7.401244559689004,2.3454648252535577,7.9745804058620955,12.092174210196118,2.0848576224476068,0.6775787272954722,5.160022615557827,3.8048651609668824,8.235,3.095,158.0,15
Rhyne Howard,2026,ATL,28,959.0,2013.8008960303216,465.0,141.0,247.0,86.0,22.0,86.0,97.0,69.0,23.0,39.0,76.0,23.090664072929208,7.001685235017245,12.265363496803259,4.270531419939596,1.0924615260310595,4.270531419939596,4.8167621829551255,3.4263566043701412,1.1421188681233803,1.9366363416005146,3.773957999016387,8.196,3.08,165.05,16
Kayla McBride,2026,MIN,30,967.0,1985.4900805595448,541.0,186.0,200.0,114.0,18.0,85.0,69.0,52.0,8.0,42.0,59.0,27.247680826868546,9.367964202952958,10.07307978812146,5.741655479229232,0.9065771809309314,4.2810589099516205,3.475212526901904,2.6190007449115793,0.4029231915248584,2.1153467555055068,2.971558537495831,8.141,3.06,161.64,17
Natasha Howard,2026,MIN,31,907.0,1876.488793282711,475.0,318.0,19.0,119.0,103.0,138.0,95.0,53.0,27.0,81.0,101.0,25.3132340411711,16.946544052826127,1.012529361646844,6.341631265051287,5.488974960506575,7.354160626698131,5.06264680823422,2.8244240088043546,1.4388575139191995,4.316572541757599,5.382392922438487,7.89,2.966,148.05,18
Kelsey Mitchell,2026,IND,30,964.0,2045.333350775601,711.0,294.0,204.0,149.0,16.0,35.0,80.0,33.0,3.0,55.0,77.0,34.76205967747923,14.374185014316303,9.973924295648048,7.284876078684115,0.7822685722076901,1.711212501704322,3.9113428610384506,1.6134289301783609,0.1466753572889419,2.689048216963935,3.764667503749509,7.567,2.844,154.77,19
Kamilla Cardoso,2026,CHI,28,741.0,1551.8826531147317,400.0,272.0,0.0,113.0,70.0,166.0,70.0,18.0,44.0,48.0,101.0,25.775144737727008,17.527098421654365,0.0,7.281478388407879,4.510650329102226,10.696685066156707,4.510650329102226,1.1598815131977152,2.8352659211499707,3.093017368527241,6.508224046276069,6.961,2.616,108.03,20
Julie Allemand,2026,TOR,22,638.0,1313.2668617130232,140.0,37.0,62.0,8.0,4.0,66.0,121.0,33.0,10.0,39.0,40.0,10.66043803293599,2.8174014801330824,4.721051128871652,0.6091678875963422,0.3045839437981711,5.025635072669823,9.213664299894676,2.5128175363349117,0.7614598594954278,2.9696934520321685,3.0458394379817113,6.758,2.54,88.75,21
Gabby Williams,2026,GS,27,691.0,1365.8380738245728,404.0,201.0,147.0,91.0,21.0,70.0,64.0,44.0,5.0,44.0,39.0,29.578908930890545,14.716239344329207,10.76262280406166,6.662576021561979,1.53751754343738,5.1250584781246005,4.685767751428205,3.2214653291068913,0.36607560558032853,3.2214653291068913,2.855389723526563,6.503,2.444,88.82,22
Natasha Mack,2026,PHX,22,519.0,1043.750950450171,193.0,126.0,7.0,36.0,59.0,104.0,31.0,17.0,28.0,23.0,53.0,18.491001125963898,12.07184529467073,0.6706580719261517,3.4490986556202086,5.6526894633775635,9.964062782902824,2.9700571756729572,1.6287410318206539,2.6826322877046067,2.2035908077573554,5.0778396874408624,6.39,2.402,66.7,23
Marina Mabrey,2026,TOR,28,814.0,1697.076779178531,588.0,201.0,239.0,122.0,19.0,79.0,103.0,29.0,10.0,89.0,69.0,34.647813653111264,11.843895483461504,14.083039903220396,7.188832084489071,1.1195722098794456,4.655063398972432,6.069259874609626,1.7088207413949434,0.5892485315154977,5.24431193048793,4.065814867456934,6.299,2.368,106.9,24
Jonquel Jones,2026,NY,31,906.0,1851.961419770996,449.0,162.0,146.0,121.0,64.0,219.0,92.0,20.0,33.0,66.0,95.0,24.244565529638358,8.74748244053767,7.883533557521603,6.533613427809,3.4557955320642644,11.825300336282405,4.96770607734238,1.0799361037700828,1.7818945712206367,3.5637891424412733,5.129696492907893,6.291,2.365,116.51,25
Natisha Hiedeman,2026,SEA,31,914.0,1887.7300527018926,507.0,218.0,185.0,89.0,7.0,79.0,142.0,36.0,5.0,73.0,55.0,26.857653681697496,11.548261346370916,9.800130041645044,4.714657155169777,0.37081573130548817,4.184920396161938,7.522261977911331,1.9070523324282247,0.2648683795039201,3.867078340757234,2.913552174543121,6.08,2.285,114.77,26
Sonia Citron,2026,WSH,26,857.0,1712.168469531661,441.0,186.0,102.0,163.0,21.0,76.0,97.0,30.0,20.0,66.0,52.0,25.75681119280448,10.863416965672638,5.957357690852737,9.520091211852902,1.2265148187049753,4.438815534360863,5.665330353065837,1.752164026721393,1.1681093511475953,3.8547608587870643,3.037084312983748,5.971,2.244,102.23,27
Nyara Sabally,2026,TOR,19,447.0,914.6868543513766,220.0,118.0,31.0,62.0,30.0,58.0,32.0,17.0,18.0,24.0,56.0,24.05194728156518,12.900589905566779,3.3891380260387303,6.7782760520774605,3.2798109929407064,6.340967919685365,3.4984650591367537,1.8585595626664004,1.9678865957644238,2.6238487943525652,6.1223138534893184,5.908,2.221,54.04,28
Dearica Hamby,2026,LA,27,799.0,1692.7047157747636,396.0,251.0,31.0,124.0,55.0,143.0,66.0,44.0,11.0,53.0,80.0,23.39451153586158,14.828339382578928,1.8313885293224974,7.32555411728999,3.2492377133141077,8.44801805461668,3.8990852559769293,2.5993901706512865,0.6498475426628216,3.1310836146481407,4.726163946638703,5.843,2.196,98.9,29
Janelle Salaun,2026,GS,28,625.0,1218.32632756728,358.0,95.0,175.0,82.0,30.0,80.0,32.0,19.0,4.0,22.0,66.0,29.384573894487236,7.797582458034322,14.3639676858527,6.730544858513836,2.4623944604318915,6.566385227818376,2.6265540911273506,1.5595164916068645,0.3283192613909188,1.8057559376500536,5.41726781295016,5.736,2.156,69.88,30
Bridget Carleton,2026,POR,28,850.0,1728.3979486987175,395.0,119.0,199.0,65.0,18.0,89.0,61.0,44.0,12.0,34.0,61.0,22.853533255891044,6.884988499876036,11.51355219727169,3.760708004133969,1.0414268319140223,5.149277113352666,3.529279819264186,2.5457100335676097,0.6942845546093481,1.967139571393153,3.529279819264186,5.709,2.146,98.67,31
Olivia Nelson-Ododa,2026,CON,25,534.0,1100.1957199646713,248.0,162.0,1.0,95.0,42.0,106.0,48.0,23.0,24.0,38.0,79.0,22.541443808558316,14.724652810429223,0.09089291858289644,8.634827265375161,3.8175025804816505,9.634649369787022,4.362860091979029,2.090537127406618,2.1814300459895146,3.453930906150065,7.180540568048818,5.646,2.122,62.12,32
Cheyenne Parker-Tyus,2026,LV,24,262.0,530.0413407526489,121.0,70.0,14.0,43.0,20.0,45.0,16.0,10.0,15.0,12.0,40.0,22.828408031000418,13.206517042727514,2.641303408545503,8.112574754818331,3.7732905836364328,8.489903813181973,3.018632466909146,1.8866452918182164,2.8299679377273246,2.2639743501818597,7.5465811672728655,5.435,2.043,28.81,33
Leila Lacan,2026,CON,20,579.0,1181.6887370692614,251.0,151.0,69.0,53.0,13.0,28.0,91.0,40.0,6.0,42.0,63.0,21.240788045633064,12.778322688807142,5.839101096209886,4.485106639117738,1.1001204963873699,2.369490299911258,7.700843474711588,3.384986142730369,0.5077479214095553,3.5542354498668876,5.331353174800331,5.273,1.982,62.31,34
Brittney Sykes,2026,TOR,15,477.0,980.8068026005155,301.0,169.0,59.0,104.0,15.0,42.0,52.0,20.0,7.0,35.0,39.0,30.689020427053244,17.2307124656877,6.015455831216417,10.603515363500124,1.5293531774279026,4.282188896798127,5.301757681750062,2.03913756990387,0.7136981494663545,3.5684907473317726,3.9763182613125467,5.22,1.962,51.2,35
Carla Leite,2026,POR,27,702.0,1424.9292782319558,414.0,221.0,58.0,165.0,19.0,43.0,166.0,16.0,1.0,92.0,72.0,29.054073512594876,15.509541657689535,4.070377448624403,11.579522052121145,1.333399509032132,3.0176936257042986,11.649700973649153,1.1228627444481112,0.07017892152800695,6.45646078057664,5.0528823500165,5.155,1.938,73.46,36
Emily Engstler,2026,POR,29,696.0,1414.2624280107002,266.0,127.0,87.0,53.0,32.0,122.0,60.0,46.0,46.0,60.0,88.0,18.80839048903783,8.979945834991746,6.151616438143951,3.7475364508233264,2.2626635174782352,8.626404660385772,4.242494095271691,3.252578806374963,3.252578806374963,4.242494095271691,6.222324673065146,5.145,1.934,72.76,37
Allisha Gray,2026,ATL,29,945.0,1991.9789088682662,557.0,252.0,155.0,172.0,21.0,68.0,65.0,42.0,11.0,45.0,79.0,27.962143450427245,12.65073635459186,7.781206884768803,8.634629575356348,1.0542280295493216,3.413690762350184,3.2630867581288525,2.108456059098643,0.5522146821448828,2.259060063319975,3.965905444495067,5.125,1.926,102.09,38
Chelsea Gray,2026,LV,30,994.0,2016.0448913949217,372.0,153.0,144.0,57.0,6.0,94.0,216.0,34.0,10.0,93.0,71.0,18.451970072085523,7.589116723196463,7.142698092420202,2.82731799491633,0.2976124205175084,4.662594588107631,10.714047138630303,1.6864703829325474,0.496020700862514,4.612992518021381,3.5217469761238496,5.111,1.921,103.04,39
Brittney Griner,2026,CON,16,412.0,843.5778483075937,226.0,166.0,3.0,62.0,30.0,60.0,41.0,8.0,28.0,28.0,45.0,26.790651325589764,19.678089026760624,0.35562811494145713,7.349647708790114,3.556281149414571,7.112562298829142,4.860250904199914,0.9483416398438856,3.3191957394535994,3.3191957394535994,5.334421724121857,5.073,1.907,42.79,40
Han Xu,2026,NY,30,397.0,812.358243132459,173.0,68.0,60.0,17.0,17.0,49.0,22.0,9.0,18.0,15.0,24.0,21.29602320928151,8.370691203648224,7.385904003219021,2.092672800912056,2.092672800912056,6.031821602628868,2.7081648011803074,1.1078856004828532,2.2157712009657065,1.8464760008047552,2.9543616012876086,4.942,1.858,40.15,41
NaLyssa Smith,2026,LV,29,683.0,1383.5627483122073,341.0,204.0,7.0,110.0,50.0,121.0,24.0,16.0,18.0,25.0,88.0,24.64651497852064,14.744542685097391,0.5059401901749105,7.950488702748594,3.6138585012493603,8.745537573023453,1.7346520805996932,1.1564347203997956,1.3009890604497698,1.8069292506246801,6.360390962198875,4.889,1.838,67.64,42
Pauline Astier,2026,NY,31,742.0,1502.9373418432815,306.0,165.0,40.0,76.0,17.0,64.0,110.0,29.0,5.0,53.0,93.0,20.360130225036894,10.978501591931659,2.6614549313773717,5.056764369617007,1.1311183458353828,4.258327890203795,7.319001061287772,1.9295548252485943,0.33268186642217146,3.5264277840750173,6.187882715452389,4.842,1.82,72.77,43
Maddy Siegrist,2026,DAL,27,373.0,765.3785972441883,169.0,83.0,52.0,20.0,22.0,50.0,20.0,12.0,8.0,7.0,39.0,22.080575627343002,10.844306373192126,6.794023269951693,2.6130858730583433,2.8743944603641776,6.532714682645858,2.6130858730583433,1.567851523835006,1.0452343492233374,0.9145800555704202,5.09551745246377,4.828,1.815,36.95,44
Megan DiLeo,2026,POR,27,627.0,1278.5056342158553,339.0,157.0,88.0,44.0,30.0,73.0,25.0,12.0,17.0,18.0,73.0,26.515330940087612,12.279961526825236,6.883035760258731,3.4415178801293655,2.3464894637245672,5.709791028396447,1.9554078864371394,0.9385957854898269,1.329677362777255,1.4078936782347404,5.709791028396447,4.782,1.797,61.14,45
Aziaha James,2026,DAL,29,321.0,658.7079128917084,163.0,113.0,44.0,45.0,17.0,50.0,35.0,24.0,7.0,18.0,45.0,24.745413985454462,17.154796198505238,6.679743652515315,6.831556008254299,2.5808100475627356,7.590617786949222,5.313432450864456,3.6434965377356265,1.062686490172891,2.73262240330172,6.831556008254299,4.743,1.783,31.24,46
Skylar Diggins,2026,CHI,19,553.0,1153.6602488631431,269.0,154.0,68.0,89.0,13.0,47.0,93.0,18.0,11.0,33.0,41.0,23.317090128144915,13.348817396781849,5.8942830063712055,7.714576287750548,1.1268482218062597,4.073989724991862,8.06129881753709,1.5602513840394368,0.953486956912989,2.860460870738967,3.55390593031205,4.709,1.77,54.33,47
Nia Coffey,2026,MIN,30,753.0,1543.4292803782441,218.0,76.0,106.0,20.0,28.0,121.0,65.0,29.0,38.0,22.0,69.0,14.124391883156145,4.924099922568197,6.867823576213539,1.2958157690968939,1.8141420767356518,7.839685403036209,4.211401249564906,1.8789328651904962,2.4620499612840985,1.4253973460065834,4.470564403384284,4.707,1.769,72.65,48
Mackenzie Holmes,2026,SEA,22,234.0,471.9275482625982,63.0,31.0,10.0,15.0,22.0,47.0,12.0,13.0,6.0,10.0,34.0,13.349506768980657,6.568804918069847,2.118969328409628,3.178453992614442,4.661732522501182,9.959155843525252,2.5427631940915534,2.7546601269325164,1.2713815970457767,2.118969328409628,7.204495716592735,4.681,1.759,22.09,49
Isabelle Harrison,2026,TOR,16,384.0,794.4329145584932,220.0,130.0,34.0,49.0,28.0,74.0,25.0,12.0,11.0,27.0,46.0,27.692709600566488,16.363873854880197,4.279782392814821,6.167921683762536,3.5245266764357344,9.314820502008727,3.146898818246192,1.510511432758172,1.3846354800283245,3.398650723705887,5.790293825572993,4.548,1.709,36.13,50
Courtney Williams,2026,MIN,31,932.0,1923.017794943771,460.0,322.0,104.0,39.0,27.0,132.0,133.0,36.0,9.0,58.0,57.0,23.92073548198499,16.74451483738949,5.408166282883563,2.0280623560813362,1.4040431695947713,6.864211051352215,6.916212650226096,1.872057559459695,0.4680143898649238,3.0160927346850643,2.964091135811184,4.546,1.709,87.42,51
Sabrina Ionescu,2026,NY,19,594.0,1212.8830139267197,317.0,119.0,130.0,67.0,15.0,64.0,87.0,11.0,5.0,49.0,33.0,26.13607383070768,9.811333709319287,10.718263716063086,5.524028222894053,1.2367227364688178,5.276683675600289,7.172991871519143,0.9069300067437996,0.41224091215627257,4.039960939131471,2.720790020231399,4.07,1.53,49.36,52
Kiki Rice,2026,TOR,12,307.0,629.9250199754994,137.0,60.0,30.0,48.0,14.0,40.0,32.0,10.0,2.0,19.0,36.0,21.74862017789491,9.524943143603611,4.762471571801806,7.619954514882889,2.2224867335075094,6.349962095735741,5.079969676588592,1.5874905239339352,0.317498104786787,3.0162319954744765,5.714965886162166,4.063,1.527,25.59,53
Kaitlyn Chen,2026,GS,28,410.0,798.6173874187764,213.0,118.0,37.0,37.0,11.0,23.0,54.0,8.0,0.0,31.0,35.0,26.67109473892631,14.775536052550725,4.633007067325227,4.633007067325227,1.3773804794750675,2.879977366175141,6.7616859901503314,1.0017312578000492,0.0,3.881708623975191,4.382574252875215,3.964,1.49,31.66,54
Sydney Taylor,2026,CHI,27,562.0,1197.614291650338,398.0,147.0,161.0,75.0,11.0,31.0,44.0,19.0,7.0,42.0,71.0,33.23273634715461,12.27440262068273,13.443393346462038,6.262450316674863,0.9184927131123132,2.58847946422561,3.6739708524492527,1.586487413557632,0.5844953628896538,3.506972177337923,5.928452966452203,3.928,1.476,47.04,55
Azzi Fudd,2026,DAL,28,893.0,1812.648401723053,372.0,179.0,147.0,19.0,15.0,34.0,51.0,47.0,24.0,30.0,62.0,20.522457617615594,9.875053531056965,8.109680832767452,1.0481900396093986,0.8275184523232094,1.8757084919326081,2.8135627378989123,2.592891150612723,1.3240295237171351,1.6550369046464188,3.4204096029359325,3.817,1.434,69.19,56
Tiffany Hayes,2026,GS,26,410.0,795.6924720686198,187.0,92.0,44.0,66.0,6.0,27.0,60.0,11.0,4.0,25.0,48.0,23.501541935396528,11.562255925435725,5.529774573034477,8.294661859551717,0.7540601690501559,3.393270760725702,7.54060169050156,1.3824436432586193,0.5027067793667707,3.1419173710423167,6.0324813524012475,3.758,1.413,29.9,57
Anastasiia Olairi Kosu,2026,MIN,27,298.0,608.7762576904206,108.0,79.0,3.0,33.0,35.0,24.0,19.0,17.0,12.0,19.0,36.0,17.740507885398014,12.976852990244844,0.4927918857055004,5.4207107427605035,5.749238666564171,3.9423350856440034,3.1210152761348358,2.792487352331169,1.9711675428220017,3.1210152761348358,5.913502628466005,3.627,1.363,22.08,58
Monique Billings,2026,IND,28,595.0,1245.6442779278227,209.0,120.0,15.0,83.0,59.0,97.0,32.0,22.0,17.0,25.0,68.0,16.77846586729235,9.633568919019533,1.2041961148774416,6.663218502321842,4.736504718517937,7.787134876207455,2.5689517117385416,1.7661543018202477,1.3647555968611003,2.006993524795736,5.459022387444401,3.57,1.342,44.47,59
Angel Reese,2026,ATL,28,841.0,1763.3036993256515,427.0,307.0,32.0,179.0,137.0,181.0,70.0,48.0,17.0,93.0,102.0,24.215907909868257,17.410500534729636,1.8147753000369655,10.151399334581775,7.769506753283258,10.264822790834085,3.9698209688308617,2.722162950055448,0.9640993781446379,5.274190715732431,5.784596268867827,3.237,1.217,57.08,60
DeWanna Bonner,2026,PHX,30,816.0,1650.6766155056482,306.0,137.0,130.0,73.0,21.0,152.0,44.0,34.0,22.0,24.0,53.0,18.537852728122868,8.299626875009256,7.875558348548931,4.422428918800553,1.272205579380981,9.208345145995672,2.665573594893484,2.059761414235874,1.332786797446742,1.453949233578264,3.2108045574853334,3.179,1.195,52.48,61
Sophie Cunningham,2026,IND,28,647.0,1362.100506773478,267.0,54.0,114.0,61.0,8.0,58.0,38.0,17.0,3.0,24.0,56.0,19.60207772277138,3.9644651574144367,8.369426443430477,4.478377307449642,0.5873281714688053,4.258129243148839,2.789808814476826,1.2480723643712115,0.22024806430080202,1.7619845144064161,4.111297200281638,3.09,1.162,42.09,62
Lauren Betts,2026,WSH,28,456.0,903.4198744679434,184.0,135.0,0.0,53.0,33.0,75.0,25.0,15.0,17.0,25.0,44.0,20.36705248579618,14.943217856426546,0.0,5.866596639930421,3.6527865871264895,8.301787698014747,2.767262566004916,1.6603575396029497,1.8817385448833428,2.767262566004916,4.870382116168652,3.051,1.147,27.56,63
Katie Lou Samuelson,2026,SEA,25,387.0,802.7865594332378,116.0,23.0,62.0,25.0,7.0,47.0,19.0,19.0,1.0,11.0,23.0,14.449668923442772,2.865020562406756,7.723098907357344,3.1141527852247353,0.8719627798629259,5.854607236222503,2.3667561167707984,2.3667561167707984,0.1245661114089894,1.3702272254988834,2.865020562406756,3.018,1.134,24.23,64
Kiki Iriafen,2026,WSH,26,719.0,1439.4360368095295,392.0,267.0,33.0,126.0,74.0,163.0,39.0,15.0,10.0,42.0,78.0,27.232887740455443,18.548931190565312,2.2925645291709937,8.753428202289248,5.1409022775349555,11.323879341056726,2.70939444356572,1.0420747859868154,0.6947165239912102,2.917809400763083,5.41878888713144,2.978,1.119,42.87,65
Shakira Austin,2026,WSH,27,799.0,1587.5855034522663,419.0,284.0,36.0,153.0,52.0,202.0,70.0,18.0,35.0,78.0,50.0,26.39227928756393,17.88880028083092,2.267594401795469,9.637276207630743,3.2754141359267885,12.723724143407908,4.409211336824523,1.1337972008977344,2.2046056684122615,4.913121203890182,3.1494366691603735,2.975,1.118,47.23,66
Antonia Delaere,2026,MIN,30,380.0,778.2671038793671,105.0,24.0,51.0,6.0,7.0,17.0,38.0,15.0,0.0,14.0,34.0,13.491512037013347,3.0837741798887657,6.553020132263626,0.7709435449721914,0.8994341358008899,2.1843400440878757,4.882642451490545,1.9273588624304783,0.0,1.7988682716017799,4.3686800881757515,2.927,1.1,22.78,67
Sarah Ashlee Barker,2026,POR,26,643.0,1303.677077001925,278.0,125.0,90.0,35.0,21.0,96.0,62.0,23.0,9.0,52.0,64.0,21.32429916151617,9.588264011473099,6.903550088260631,2.6847139232124673,1.6108283539274804,7.3637867608113385,4.755778949690657,1.76424057811105,0.690355008826063,3.988717828772809,4.909191173874226,2.801,1.053,36.52,68
Aneesah Morrow,2026,CON,20,464.0,961.1412731565814,231.0,149.0,67.0,48.0,53.0,125.0,33.0,19.0,9.0,34.0,42.0,24.033927836784024,15.502403669613937,6.970879502443851,4.994062927123953,5.5142778153660315,13.005372206051963,3.433418262397718,1.9768165753198983,0.9363867988357413,3.5374612400461336,4.369805061233459,2.796,1.051,26.87,69
Arike Ogunbowale,2026,DAL,29,868.0,1760.943576135981,437.0,208.0,157.0,115.0,26.0,64.0,87.0,28.0,2.0,42.0,67.0,24.816240901875133,11.811849216453153,8.915674648957427,6.530589711019773,1.476481152056644,3.6344151435240475,4.940533085728002,1.5900566252917705,0.11357547323512648,2.385084937937656,3.8047783533767365,2.773,1.042,48.83,70
Natasha Cloud,2026,CHI,28,791.0,1667.8685085461839,277.0,112.0,89.0,80.0,7.0,81.0,129.0,29.0,9.0,62.0,91.0,16.608023868827054,6.7151576653741145,5.3361520733776455,4.796541189552939,0.41969735408588216,4.856497954422352,7.734422668154115,1.7387461812129406,0.5396108838247057,3.7173194219035284,5.4560656031164685,2.727,1.025,45.48,71
Karlie Samuelson,2026,POR,17,250.0,501.2650149253731,77.0,5.0,48.0,17.0,8.0,12.0,16.0,8.0,3.0,6.0,23.0,15.361135867713315,0.9974763550463192,9.575773008444664,3.3914196071574856,1.595962168074111,2.393943252111166,3.191924336148222,1.595962168074111,0.5984858130277915,1.196971626055583,4.588391233213068,2.711,1.019,13.59,72
Marine Johannes,2026,NY,28,620.0,1257.7964643188975,246.0,47.0,161.0,20.0,13.0,55.0,70.0,26.0,4.0,47.0,51.0,19.558013317616542,3.736693601333242,12.800163187545788,1.5900823835460605,1.0335535493049393,4.372726554751667,5.565288342411212,2.0671070986098785,0.3180164767092121,3.736693601333242,4.054710078042454,2.701,1.015,33.97,73
Azura Stevens,2026,CHI,22,555.0,1175.9172010644452,256.0,145.0,80.0,58.0,30.0,121.0,55.0,23.0,11.0,39.0,63.0,21.77024026591904,12.330800150618206,6.8032000830997,4.9323200602472825,2.5512000311623875,10.289840125688295,4.677200057131044,1.9559200238911636,0.9354400114262088,3.3165600405111038,5.357520065441014,2.556,0.961,30.06,74
Jade Melbourne,2026,SEA,30,722.0,1490.133596738687,263.0,125.0,61.0,99.0,13.0,47.0,117.0,29.0,4.0,56.0,93.0,17.649424224485845,8.388509612398215,4.093592690850328,6.643699613019385,0.8724049996894143,3.154079614261729,7.851644997204729,1.9461342300763858,0.26843230759674286,3.7580523063544002,6.241051151624272,2.544,0.956,37.91,75
Madina Okot,2026,ATL,27,261.0,545.0480741506161,168.0,103.0,8.0,44.0,34.0,66.0,6.0,8.0,8.0,34.0,42.0,30.822969196213624,18.897415638154783,1.4677604379149345,8.072682408532138,6.237981861138472,12.109023612798211,1.1008203284362008,1.4677604379149345,1.4677604379149345,6.237981861138472,7.705742299053406,2.468,0.927,13.45,76
Jovana Nogic,2026,PHX,16,321.0,647.794114810971,166.0,43.0,76.0,38.0,7.0,10.0,26.0,10.0,0.0,23.0,36.0,25.625425764857322,6.637911493306416,11.73212263933227,5.866061319666135,1.0805902430963932,1.5437003472805617,4.0136209029294605,1.5437003472805617,0.0,3.5505107987452917,5.5573212502100215,2.205,0.829,14.28,77
Laeticia Amihere,2026,GS,24,281.0,545.3539329528693,86.0,64.0,8.0,41.0,36.0,46.0,28.0,10.0,18.0,21.0,39.0,15.76957546346921,11.735498019325924,1.4669372524157405,7.51805341863067,6.601217635870832,8.434889201390508,5.134280383455091,1.8336715655196754,3.300608817935416,3.850710287591318,7.151319105526735,2.077,0.781,11.33,78
Dominique Malonga,2026,SEA,23,585.0,1226.807298691096,370.0,272.0,43.0,78.0,59.0,146.0,35.0,20.0,29.0,65.0,66.0,30.15958581227549,22.171371191726845,3.5050329457509353,6.357966738804022,4.809231251146632,11.900809536735734,2.852933793053087,1.630247881744621,2.3638594285297003,5.298305615670018,5.379818009757249,2.063,0.776,25.31,79
Rebekah Gardner,2026,NY,29,430.0,870.3867155651294,150.0,78.0,32.0,39.0,24.0,42.0,36.0,14.0,5.0,22.0,43.0,17.23371891109427,8.96153383376902,3.6765267010334446,4.48076691688451,2.757395025775083,4.825441295106395,4.136092538662624,1.608480431702132,0.5744572970364756,2.527612106960493,4.94033275451369,1.996,0.75,17.37,80
Kiah Stokes,2026,GS,28,616.0,1198.0568741309442,100.0,47.0,46.0,15.0,23.0,116.0,32.0,20.0,50.0,13.0,66.0,8.346849148755044,3.9230190999148706,3.83955060842732,1.2520273723132567,1.91977530421366,9.682345012555851,2.670991727601614,1.669369829751009,4.173424574377522,1.0850903893381556,5.508920438178329,1.963,0.738,23.52,81
Monique Akoa Makani,2026,PHX,19,445.0,887.9987424714053,178.0,77.0,55.0,44.0,2.0,37.0,48.0,22.0,4.0,38.0,57.0,20.04507343159124,8.671183450744525,6.193702464817519,4.954961971854015,0.2252255441751825,4.166672567240877,5.4054130602043795,2.4774809859270075,0.450451088350365,4.279285339328467,6.418928008992701,1.8,0.677,15.98,82
Tyasha Harris,2026,IND,24,358.0,749.2067595405232,112.0,43.0,50.0,22.0,3.0,26.0,56.0,7.0,4.0,16.0,32.0,14.9491443548491,5.739403636236708,6.6737251584147765,2.936439069702502,0.40042350950488664,3.470337082375684,7.47457217742455,0.9343215221780687,0.5338980126731822,2.1355920506927286,4.271184101385457,1.791,0.673,13.42,83
Laura Juskaite,2026,TOR,28,674.0,1390.2320933904075,276.0,124.0,82.0,64.0,27.0,81.0,46.0,36.0,7.0,50.0,102.0,19.852800213157877,8.91937400881006,5.898295715503426,4.603547875514869,1.9421217599828355,5.826365279948507,3.3088000355263123,2.589495679977114,0.5035130488844388,3.5965217777459917,7.336904426601823,1.713,0.644,23.81,84
Makayla Timpson,2026,IND,28,441.0,931.9872608463726,115.0,75.0,0.0,32.0,42.0,69.0,13.0,14.0,20.0,16.0,49.0,12.33922445415876,8.047320296190497,0.0,3.4335233263746114,4.506499365866678,7.4035346724952555,1.394868851339686,1.5021664552888927,2.1459520789841324,1.7167616631873057,5.257582593511124,1.596,0.6,14.87,85
Satou Sabally,2026,NY,13,217.0,437.22864188195615,135.0,46.0,52.0,29.0,5.0,31.0,25.0,1.0,2.0,22.0,34.0,30.876293789656984,10.520811217216455,11.893090941201208,6.632685332592982,1.1435664366539624,7.090111907254566,5.717832183269811,0.22871328733079246,0.45742657466158493,5.0316923212774345,7.776251769246945,1.512,0.568,6.61,86
Noemie Brochant,2026,PHX,29,643.0,1298.018659175065,154.0,64.0,71.0,9.0,13.0,49.0,50.0,29.0,7.0,22.0,45.0,11.864236227379985,4.930591678911163,5.469875143792071,0.6933644548468822,1.00152643477883,3.774984254166359,3.852024749149346,2.2341743545066204,0.5392834648809084,1.694890889625712,3.466822274234411,1.497,0.562,19.43,87
Maya Caldwell,2026,MIN,30,424.0,872.4202871173865,132.0,62.0,61.0,19.0,23.0,43.0,33.0,22.0,7.0,22.0,41.0,15.130322156554692,7.106666467472659,6.992042814771487,2.1778494013222667,2.6363440121269544,4.928817066150392,3.782580539138673,2.521720359425782,0.8023655689082034,2.521720359425782,4.699569760748049,1.425,0.536,12.43,88
Awak Kuier,2026,DAL,26,424.0,852.3913805372356,139.0,69.0,45.0,23.0,17.0,62.0,24.0,13.0,30.0,25.0,45.0,16.307063066779566,8.094873033149568,5.279265021619284,2.698291011049856,1.9943890081672848,7.2736540297865675,2.815608011530285,1.525121006245571,3.5195100144128557,2.932925012010713,5.279265021619284,1.412,0.531,12.04,89
Awa Fam,2026,SEA,25,743.0,1539.8795153120777,275.0,127.0,102.0,28.0,48.0,103.0,51.0,21.0,26.0,46.0,73.0,17.858540052353867,8.247398496905241,6.6238948557821615,1.8183240780578485,3.1171269909563115,6.688835001427085,3.3119474278910808,1.3637430585433863,1.688443786768002,2.987246699666465,4.74063063207939,1.383,0.52,21.3,90
Flau'jae Johnson,2026,SEA,31,880.0,1813.244591858991,423.0,236.0,140.0,117.0,32.0,124.0,91.0,40.0,25.0,79.0,85.0,23.328347532327566,13.015342831274953,7.7209660863495495,6.452521657877838,1.7647922483084684,6.838569962195315,5.018627956127207,2.2059903103855856,1.378743943990991,4.356830863011531,4.687729409569369,1.312,0.493,23.79,91
Aicha Coulibaly,2026,CHI,18,228.0,481.44553118560896,81.0,49.0,14.0,40.0,11.0,38.0,9.0,14.0,4.0,11.0,28.0,16.824333128719505,10.17768300379328,2.907909429655223,8.308312656157781,2.2847859804433894,7.892897023349891,1.8693703476355004,2.907909429655223,0.8308312656157779,2.2847859804433894,5.815818859310446,1.158,0.435,5.58,92
Serah Williams,2026,POR,25,306.0,621.0422587064677,114.0,77.0,2.0,37.0,22.0,44.0,12.0,12.0,8.0,17.0,45.0,18.356238790810124,12.398512165722629,0.3220392770317566,5.957726625087497,3.5424320473493225,7.084864094698645,1.9322356621905397,1.9322356621905397,1.2881571081270264,2.737333854769931,7.245883733214524,1.142,0.429,7.09,93
Leonie Fiebich,2026,NY,15,440.0,878.8495324314927,142.0,46.0,61.0,25.0,18.0,26.0,28.0,18.0,2.0,26.0,33.0,16.157487119226417,5.234115545664895,6.940892354033883,2.8446280139483124,2.048132170042785,2.958413134506245,3.1859833756221096,2.048132170042785,0.227570241115865,2.958413134506245,3.7549089784117724,1.038,0.39,9.12,94
Kahleah Copper,2026,PHX,30,960.0,1953.2182308551405,609.0,291.0,174.0,192.0,16.0,95.0,54.0,23.0,3.0,71.0,76.0,31.179311680567977,14.898488832586668,8.908374765876564,9.829930776139657,0.8191608980116382,4.863767831944101,2.7646680307892786,1.17754379089173,0.15359266837718213,3.635026484926644,3.8910142655552806,1.025,0.385,20.02,95
Aaliyah Edwards,2026,CON,20,381.0,765.878145667543,188.0,130.0,10.0,52.0,26.0,50.0,18.0,14.0,7.0,31.0,44.0,24.546985844091207,16.97397957304179,1.30569073638783,6.789591829216716,3.394795914608358,6.52845368193915,2.350243325498094,1.8279670309429623,0.9139835154714812,4.047641282802273,5.745039240106452,1.024,0.385,7.84,96
Erica Wheeler,2026,LA,27,755.0,1594.5157959804794,242.0,118.0,116.0,41.0,9.0,43.0,142.0,28.0,2.0,53.0,81.0,15.177021175333822,7.400365697063599,7.274935769994724,2.5713135049119282,0.5644346718099355,2.696743431980803,8.905524821890094,1.756018978964244,0.12542992706887457,3.323893067325176,5.07991204628942,1.014,0.381,16.17,97
Elizabeth Williams,2026,CHI,29,496.0,1045.679700182517,157.0,137.0,0.0,73.0,39.0,71.0,41.0,15.0,28.0,25.0,41.0,15.014157774373608,13.101526210759134,0.0,6.981105207192822,3.7296315490482206,6.789842050831376,3.920894705409668,1.434473672710854,2.677684189060261,2.39078945451809,3.920894705409668,0.618,0.232,6.46,98
Jacy Sheldon,2026,CHI,29,608.0,1273.5565944867806,190.0,81.0,72.0,33.0,12.0,27.0,48.0,24.0,10.0,24.0,72.0,14.9188501573082,6.360141382852443,5.653459006979949,2.5911687115324766,0.9422431678299915,2.1200471276174806,3.768972671319966,1.884486335659983,0.7852026398583262,1.884486335659983,5.653459006979949,0.587,0.221,7.48,99
Frieda Buhner,2026,POR,26,389.0,792.2095061626541,165.0,63.0,58.0,42.0,18.0,37.0,20.0,10.0,2.0,21.0,41.0,20.827823791112486,7.95244181115204,7.321295635663782,5.30162787410136,2.272126231757726,4.670481698613103,2.5245847019530285,1.2622923509765143,0.2524584701953029,2.65081393705068,5.175398639003709,0.539,0.203,4.27,100
Kennedy Burke,2026,CON,28,659.0,1358.3896551598334,222.0,97.0,98.0,58.0,30.0,59.0,44.0,28.0,22.0,41.0,43.0,16.342880642291007,7.140808208568594,7.214424788038373,4.2697616092472,2.2084973840933797,4.34337818871698,3.23912949667029,2.061264225153821,1.619564748335145,3.018279758260952,3.1655129172005108,0.539,0.203,7.32,100
Cecilia Zandalasini,2026,GS,24,436.0,840.6531065526639,200.0,91.0,91.0,28.0,7.0,34.0,36.0,23.0,3.0,38.0,44.0,23.791026101141366,10.824916876019323,10.824916876019323,3.3307436541597917,0.8326859135399479,4.044474437194032,4.282384698205446,2.735968001631257,0.3568653915171205,4.5202949592168595,5.2340257422511005,0.512,0.192,4.3,102
Rae Burrell,2026,LA,27,765.0,1622.812400269106,362.0,170.0,103.0,89.0,16.0,47.0,60.0,21.0,15.0,63.0,50.0,22.306953036590713,10.475640928785694,6.3470059744995675,5.484306133305451,0.9859426756504184,2.896206609723104,3.6972850336890684,1.294049761791174,0.9243212584222671,3.882149285373522,3.0810708614075573,0.411,0.155,6.67,103
Ariel Atkins,2026,LA,25,691.0,1469.6595749346025,236.0,117.0,106.0,37.0,18.0,56.0,68.0,39.0,10.0,47.0,78.0,16.058140539825462,7.961027301523642,7.212554649243641,2.517589830396365,1.2247734310036371,3.8104062297890935,4.626921850458185,2.6536757671745472,0.6804296838909095,3.1980195142872745,5.3073515343490945,0.376,0.141,5.53,104
Cameron Brink,2026,LA,19,337.0,701.1325248593604,174.0,68.0,50.0,52.0,25.0,60.0,21.0,10.0,28.0,47.0,68.0,24.816991628637187,9.698594429582348,7.131319433516432,7.41657221085709,3.565659716758216,8.55758332021972,2.9951541620769015,1.4262638867032864,3.993538882769202,6.703440267505447,9.698594429582348,0.373,0.14,2.62,105
Kayla Thornton,2026,GS,28,707.0,1372.938478225592,233.0,75.0,133.0,41.0,44.0,100.0,20.0,21.0,8.0,20.0,67.0,16.97089881996264,5.462735671661793,9.687251257746913,2.9862955005084473,3.2048049273749184,7.283647562215724,1.456729512443145,1.5295659880653023,0.5826918049772579,1.456729512443145,4.880043866684536,0.142,0.053,1.95,106
Valeriane Ayayi,2026,PHX,24,409.0,833.3963506094885,171.0,57.0,51.0,87.0,17.0,55.0,33.0,12.0,4.0,37.0,49.0,20.5184483799266,6.839482793308867,6.119537236118459,10.439210579260902,2.03984574537282,6.599500940912064,3.959700564547238,1.439891114380814,0.4799637047936046,4.439664269340843,5.879555383721657,0.023,0.009,0.19,107
Odyssey Sims,2026,DAL,20,272.0,547.948243498907,97.0,61.0,27.0,19.0,1.0,14.0,40.0,10.0,2.0,21.0,26.0,17.70240185105977,11.132438277470575,4.927472680191895,3.4674807749498515,0.18249898815525534,2.554985834173575,7.2999595262102135,1.8249898815525534,0.3649979763105107,3.8324787512603624,4.7449736920366385,-0.011,-0.004,-0.06,108
Kaila Charles,2026,GS,28,558.0,1083.0622195600345,167.0,88.0,67.0,34.0,46.0,84.0,35.0,19.0,7.0,26.0,68.0,15.41924341778253,8.125110303981215,6.186163526894788,3.139247162901833,4.247216749808362,7.755787108345705,3.2315779618107103,1.7542851792686713,0.6463155923621421,2.4006007716308133,6.278494325803666,-0.14,-0.053,-1.52,109
Kia Nurse,2026,TOR,28,341.0,701.468157673017,129.0,33.0,76.0,33.0,6.0,25.0,23.0,8.0,0.0,9.0,33.0,18.39000082739781,4.704418816311068,10.834419092110338,4.704418816311068,0.8553488756929214,3.563953648720506,3.2788373568228653,1.1404651675905617,0.0,1.283023313539382,4.704418816311068,-0.221,-0.083,-1.55,110
Saniya Rivers,2026,CON,25,559.0,1155.9666873521314,177.0,144.0,49.0,46.0,9.0,47.0,79.0,25.0,18.0,36.0,46.0,15.311859929583086,12.457106383389629,4.238876477681193,3.9793534280272427,0.7785691489618518,4.065861111245226,6.834106974220699,2.1626920804495886,1.5571382979237036,3.1142765958474072,3.9793534280272427,-0.249,-0.093,-2.88,111
Myisha Hines-Allen,2026,IND,26,385.0,818.57503162051,109.0,71.0,16.0,23.0,13.0,70.0,42.0,15.0,10.0,33.0,56.0,13.315822715019266,8.673609291434566,1.9546161783514517,2.809760756380212,1.5881256449105545,8.551445780287601,5.130867468172561,1.832452667204486,1.2216351114696573,4.031395867849869,6.841156624230081,-0.393,-0.148,-3.22,112
Gabriela Jaquez,2026,CHI,25,516.0,1078.5499131541499,197.0,117.0,49.0,55.0,20.0,68.0,25.0,21.0,0.0,29.0,35.0,18.26526501901856,10.847898513833359,4.543136984425936,5.099439472314827,1.8543416262963006,6.304761529407423,2.317927032870376,1.9470587076111157,0.0,2.6887953581296355,3.2450978460185262,-0.455,-0.171,-4.91,113
Jewell Loyd,2026,LV,28,777.0,1577.9644699067205,225.0,58.0,152.0,35.0,12.0,56.0,38.0,35.0,4.0,23.0,72.0,14.258876184537957,3.6756214164586734,9.63266302244342,2.218047406483682,0.7604733965086911,3.5488758503738915,2.408165755610855,2.218047406483682,0.2534911321695637,1.4575740099749912,4.562840379052147,-0.462,-0.173,-7.29,114
Naz Hillmon,2026,ATL,27,796.0,1660.6144239826294,251.0,96.0,101.0,44.0,40.0,79.0,39.0,18.0,6.0,33.0,59.0,15.114887379939171,5.780992782765579,6.082086156867953,2.6496216921008906,2.4087469928189913,4.757275310817508,2.3485283179985164,1.083936146768546,0.3613120489228487,1.9872162690756676,3.552901814408012,-0.496,-0.186,-8.24,115
Stephanie Talbot,2026,LV,30,526.0,1062.5944036367412,102.0,38.0,59.0,15.0,27.0,56.0,36.0,18.0,8.0,19.0,47.0,9.599147111155853,3.5761528453325724,5.552447838805836,1.4116392810523313,2.5409507058941965,5.27011998259537,3.3879342745255956,1.6939671372627978,0.7528742832279101,1.7880764226662862,4.423136413963971,-0.789,-0.296,-8.38,116
Charlisse Leger-Walker,2026,CON,29,667.0,1365.8688436000248,193.0,116.0,74.0,46.0,6.0,57.0,99.0,28.0,3.0,51.0,66.0,14.130200048440178,8.492762723414822,5.417796909764628,3.3678197006644983,0.43928083052145633,4.1731678899538345,7.2481337036040285,2.04997720910013,0.21964041526072817,3.7338870594323788,4.83208913573602,-0.842,-0.316,-11.5,117
Jordan Horston,2026,SEA,26,471.0,964.855277337229,117.0,89.0,37.0,24.0,22.0,69.0,37.0,27.0,14.0,33.0,48.0,12.126170913724197,9.224181293345756,3.834771998357225,2.4874196746100914,2.2801347017259173,7.151331564504014,3.834771998357225,2.798347133936353,1.45099481018922,3.420202052588876,4.974839349220183,-0.959,-0.36,-9.25,118
Maria Conde,2026,TOR,28,748.0,1542.8259496492249,254.0,106.0,126.0,41.0,29.0,102.0,68.0,13.0,4.0,42.0,56.0,16.46329581491348,6.8705092770898775,8.166831782201175,2.6574611354781603,1.8796676324113817,6.611244776067618,4.407496517378412,0.8426096283223435,0.25926450102225956,2.7222772607337253,3.6297030143116333,-1.131,-0.425,-17.45,119
Michaela Onyenwere,2026,WSH,24,644.0,1275.0243001767096,235.0,91.0,80.0,58.0,42.0,34.0,43.0,11.0,3.0,43.0,66.0,18.43102127288324,7.137118875882447,6.274390220555996,4.5489329099030975,3.294054865791898,2.6666158437362983,3.3724847435488483,0.8627286553264495,0.23528963327084984,3.3724847435488483,5.1763719319586965,-1.148,-0.432,-14.64,120
Raegan Beers,2026,CON,24,254.0,524.1689814446967,86.0,56.0,5.0,35.0,29.0,40.0,17.0,10.0,3.0,21.0,57.0,16.40692277573727,10.683577621410315,0.9538908590544924,6.677236013381446,5.532566982516056,7.63112687243594,3.2432289207852745,1.907781718108985,0.5723345154326954,4.006341608028868,10.874355793221213,-1.461,-0.549,-7.66,121
Isobel Borlase,2026,ATL,28,357.0,746.6755196617539,138.0,74.0,45.0,20.0,9.0,31.0,26.0,7.0,4.0,19.0,35.0,18.481923722705464,9.910596778842061,6.026714257403955,2.6785396699573134,1.2053428514807911,4.151736488433836,3.482101570944508,0.9374888844850597,0.5357079339914628,2.544612686459448,4.6874444224252985,-1.482,-0.557,-11.07,122
Cotie McMahon,2026,WSH,26,525.0,1044.8337320158168,157.0,87.0,52.0,58.0,14.0,65.0,53.0,13.0,5.0,29.0,50.0,15.026314253569995,8.326683694653436,4.976868415195157,5.55112246310229,1.3399261117833117,6.221085518993946,5.072577423179679,1.2442171037987892,0.4785450399226112,2.775561231551145,4.785450399226113,-1.502,-0.564,-15.69,123
Stefanie Dolson,2026,SEA,31,514.0,1050.8779109272746,115.0,37.0,42.0,30.0,22.0,55.0,37.0,10.0,14.0,26.0,70.0,10.94323125495389,3.5208657081155987,3.996658371374464,2.8547559795531883,2.093487718339005,5.2337192958475125,3.5208657081155987,0.9515853265177294,1.3322194571248214,2.4741218489460968,6.661097285624107,-1.555,-0.584,-16.34,124
Alicia Florez,2026,WSH,19,291.0,579.0619205582789,76.0,53.0,35.0,26.0,9.0,25.0,51.0,14.0,2.0,26.0,33.0,13.124675842391381,9.152734469036094,6.04425861162761,4.490020682923367,1.5542379287042425,4.317327579734007,8.807348262657374,2.417703444651044,0.3453862063787206,4.490020682923367,5.698872405248889,-1.77,-0.665,-10.25,125
Angela Dugalic,2026,WSH,26,295.0,586.0379160644579,88.0,55.0,27.0,23.0,17.0,58.0,20.0,10.0,7.0,22.0,32.0,15.016093257406393,9.385058285878996,4.607210431249689,3.9246607377312164,2.9008361974535077,9.89697055601785,3.4127484675923623,1.7063742337961811,1.1944619636573266,3.754023314351598,5.460397548147779,-1.786,-0.671,-10.47,126
Temi Fagbenle,2026,TOR,12,218.0,459.14022291794913,74.0,47.0,12.0,14.0,17.0,28.0,15.0,6.0,4.0,16.0,36.0,16.117080644712804,10.236524193263538,2.613580645088563,3.04917741926999,3.702572580542131,6.09835483853998,3.2669758063607035,1.3067903225442814,0.8711935483628542,3.484774193451417,7.840741935265688,-1.792,-0.673,-8.23,127
Lexie Hull,2026,IND,29,575.0,1211.822180919952,164.0,62.0,74.0,28.0,27.0,64.0,22.0,19.0,5.0,23.0,82.0,13.53333868468225,5.116262185672558,6.106506479673699,2.3105700193359944,2.228049661502566,5.281302901339415,1.815447872335424,1.567886798835139,0.4126017891671418,1.8979682301688523,6.766669342341125,-1.913,-0.719,-23.18,128
Li Yueru,2026,DAL,21,213.0,434.2742945826196,69.0,23.0,27.0,33.0,18.0,42.0,12.0,2.0,5.0,12.0,33.0,15.888575690697007,5.2961918968990025,6.217268748533611,7.598884025985525,4.144845832355741,9.671306942163396,2.7632305549038274,0.46053842581730453,1.1513460645432614,2.7632305549038274,7.598884025985525,-1.981,-0.745,-8.6,129
Raven Johnson,2026,IND,27,335.0,702.4616172621312,101.0,59.0,43.0,10.0,17.0,41.0,40.0,10.0,3.0,25.0,42.0,14.37800977563031,8.399035413487013,6.12133089457528,1.4235653243198327,2.4200610513437155,5.836617829711314,5.694261297279331,1.4235653243198327,0.42706959729594984,3.5589133107995816,5.978974362143298,-1.992,-0.749,-13.99,130
Teonni Key,2026,TOR,26,233.0,480.08044582615685,45.0,29.0,14.0,11.0,19.0,23.0,10.0,10.0,14.0,13.0,35.0,9.373429055741017,6.040654280366434,2.9161779284527607,2.2912826580700263,3.9576700457573186,4.790863739600964,2.082984234609115,2.082984234609115,2.9161779284527607,2.7078795049918494,7.290444821131903,-2.001,-0.752,-9.61,131
Te-Hina Paopao,2026,ATL,24,301.0,633.0007470555576,93.0,33.0,60.0,8.0,3.0,19.0,38.0,5.0,3.0,16.0,29.0,14.691925788807565,5.213263989576878,9.478661799230686,1.2638215732307583,0.4739330899615343,3.001576236423051,6.003152472846102,0.7898884832692238,0.4739330899615343,2.5276431464615166,4.581353202961499,-2.006,-0.754,-12.7,132
Lexi Held,2026,PHX,29,464.0,937.6487822979752,145.0,72.0,65.0,18.0,11.0,24.0,42.0,11.0,4.0,26.0,38.0,15.464212478859752,7.678781368813119,6.9322331801785095,1.9196953422032796,1.1731471535686708,2.559593789604373,4.479289131807652,1.1731471535686708,0.4265989649340622,2.772893272071404,4.052690166873591,-2.18,-0.819,-20.44,133
Teja Oblak,2026,POR,23,301.0,610.5694802370059,131.0,70.0,47.0,14.0,11.0,22.0,63.0,14.0,0.0,59.0,39.0,21.455379648054056,11.46470668216629,7.697731629454509,2.292941336433258,1.8015967643404172,3.6031935286808343,10.318236013949662,2.292941336433258,0.0,9.663109917825873,6.387479437206933,-2.182,-0.82,-13.32,134
Alanna Smith,2026,DAL,21,302.0,609.0909811574497,87.0,46.0,38.0,16.0,19.0,43.0,21.0,13.0,7.0,22.0,49.0,14.283580399544702,7.552237912402945,6.238805231985042,2.626865360835807,3.119402615992521,7.059700657246232,3.447760786096997,2.134328105679093,1.1492535953656657,3.611939871149235,8.04477516755966,-2.205,-0.829,-13.43,135
Kiana Williams,2026,LA,18,225.0,480.90506642344275,70.0,20.0,49.0,7.0,1.0,5.0,22.0,8.0,1.0,14.0,22.0,14.555887406343967,4.158824973241134,10.189121184440777,1.4555887406343968,0.20794124866205668,1.0397062433102835,4.574707470565247,1.6635299892964535,0.20794124866205668,2.9111774812687936,4.574707470565247,-2.614,-0.983,-12.57,136
Jihyun Park,2026,LA,22,195.0,420.10882477580867,44.0,23.0,20.0,15.0,8.0,17.0,9.0,10.0,1.0,7.0,26.0,10.47347672915003,5.474771926601153,4.760671240522741,3.5705034303920558,1.9042684962090966,4.0465705544443304,2.1423020582352335,2.3803356202613704,0.23803356202613707,1.6662349341829596,6.188872612679564,-2.712,-1.019,-11.39,137
Brianna Turner,2026,LV,27,321.0,645.0519613127292,46.0,34.0,0.0,2.0,14.0,45.0,6.0,7.0,14.0,12.0,33.0,7.131208454337003,5.270893205379524,0.0,0.3100525414929132,2.1703677904503924,6.976182183590547,0.9301576244787396,1.0851838952251962,2.1703677904503924,1.8603152489574792,5.115866934633067,-2.769,-1.041,-17.86,138
Nell Angloma,2026,CON,24,251.0,506.79879515816094,94.0,62.0,13.0,43.0,16.0,20.0,15.0,10.0,7.0,20.0,44.0,18.547794686580623,12.233651814553179,2.56512054176115,8.484629484286883,3.157071436013723,3.9463392950171547,2.959754471262866,1.9731696475085774,1.3812187532560039,3.9463392950171547,8.681946449037738,-2.861,-1.075,-14.5,139
Diamond Miller,2026,CON,29,653.0,1341.6350318706388,263.0,140.0,97.0,74.0,11.0,59.0,40.0,22.0,6.0,42.0,90.0,19.60294668463596,10.435028653418382,7.229984138439879,5.515658002521144,0.8198951084828728,4.3976192182263185,2.981436758119538,1.6397902169657457,0.4472155137179306,3.130508596025514,6.70823270576896,-3.301,-1.241,-44.29,140
Chance Gray,2026,LA,24,250.0,526.4077570466314,68.0,15.0,42.0,14.0,5.0,23.0,18.0,3.0,0.0,16.0,21.0,12.917742774443248,2.849502082597775,7.978605831273771,2.659535277091257,0.9498340275325917,4.369236526649923,3.41940249911733,0.569900416519555,0.0,3.0394688881042935,3.9893029156368853,-4.217,-1.585,-22.2,141
Kierstan Bell,2026,LV,21,231.0,464.48479846050253,48.0,19.0,45.0,2.0,8.0,26.0,16.0,5.0,9.0,10.0,20.0,10.334030340517524,4.090553676454853,9.688153444235176,0.4305845975215635,1.722338390086254,5.597599767780325,3.444676780172508,1.0764614938039085,1.9376306888470356,2.152922987607817,4.305845975215634,-4.367,-1.642,-20.28,142
Zia Cooke,2026,SEA,31,464.0,953.7556389149746,231.0,129.0,84.0,73.0,16.0,39.0,28.0,9.0,0.0,33.0,46.0,24.220040288599876,13.525477044283047,8.807287377672681,7.653952125834593,1.6775785481281298,4.089097711062316,2.935762459224227,0.943637933322073,0.0,3.460005755514268,4.8230383258683736,-4.37,-1.642,-41.68,143
Georgia Amoore,2026,WSH,28,643.0,1274.1952555585412,175.0,51.0,113.0,36.0,7.0,29.0,100.0,9.0,4.0,64.0,75.0,13.734158814089215,4.002526282963143,8.86834254852618,2.8253126703269245,0.5493663525635686,2.275946317763356,7.848090750908124,0.7063281675817311,0.3139236300363249,5.022778080581198,5.886068063181092,-4.446,-1.671,-56.65,144
Luisa Geiselsoder,2026,POR,21,348.0,702.5334061351533,94.0,45.0,55.0,15.0,10.0,45.0,27.0,7.0,8.0,19.0,53.0,13.380146649128353,6.405389353306126,7.828809209596377,2.1351297844353754,1.4234198562902505,6.405389353306126,3.8432336119836754,0.9963938994031754,1.1387358850322002,2.7044977269514754,7.544125238338327,-4.615,-1.735,-32.42,145
Rebecca Allen,2026,NY,15,237.0,481.02558628092936,54.0,19.0,38.0,8.0,8.0,16.0,9.0,5.0,6.0,7.0,33.0,11.226014070790576,3.9498938397226104,7.899787679445221,1.6631131956726781,1.6631131956726781,3.3262263913453562,1.8710023451317628,1.039445747295424,1.2473348967545086,1.4552240462135935,6.860341932149798,-4.923,-1.85,-23.68,146
Rachel Banham,2026,CHI,25,321.0,673.6389819659208,97.0,26.0,74.0,13.0,3.0,20.0,27.0,4.0,6.0,20.0,29.0,14.399404220480102,3.8596341209534293,10.985112498098221,1.9298170604767146,0.4453423985715496,2.9689493238103304,4.008081587143946,0.5937898647620661,0.8906847971430992,2.9689493238103304,4.304976519524979,-4.935,-1.855,-33.24,147
Betnijah Laney-Hamilton,2026,NY,17,284.0,580.9594348582741,80.0,32.0,37.0,26.0,3.0,29.0,26.0,5.0,3.0,26.0,25.0,13.770324604422013,5.508129841768805,6.368775129545182,4.475355496437154,0.5163871726658255,4.99174266910298,4.475355496437154,0.8606452877763758,0.5163871726658255,4.475355496437154,4.303226438881879,-5.077,-1.908,-29.5,148
Nyadiew Puoch,2026,POR,28,468.0,954.6709544488612,92.0,60.0,49.0,16.0,23.0,24.0,19.0,17.0,3.0,17.0,57.0,9.636828225607044,6.284887973221983,5.13265851146462,1.6759701261925293,2.409207056401761,2.5139551892887937,1.990214524853628,1.7807182590795623,0.3142443986610992,1.7807182590795623,5.970643574560885,-5.415,-2.035,-51.7,149
Cassandre Prosper,2026,WSH,24,290.0,574.7151515954565,56.0,45.0,33.0,7.0,18.0,11.0,11.0,4.0,1.0,19.0,47.0,9.743957479551286,7.829965831782284,5.7419749433070075,1.2179946849439107,3.131986332712913,1.9139916477690027,1.9139916477690027,0.6959969628250919,0.17399924070627298,3.3059855734191865,8.17796431319483,-11.935,-4.486,-68.59,150
