name,team,as_of,half_life,total_poss,total_poss_raw,ORAPM,RAPM,DRAPM,off_ts_pts,off_tov_pts,off_reb_pts,def_ts_pts,def_tov_pts,def_reb_pts,off_ts_rapm,def_ts_rapm,off_tov_rapm,def_tov_rapm,off_reb_rapm,def_reb_rapm,ORAPM_rank,DRAPM_rank,RAPM_rank,stage2_r2
Veronica Burton,GSV,2026-09-27,700,8920.6,14814,4.25,7.44,3.19,2.24,1.89,0.6,0.29,2.02,0.4,0.0191,0.0132,2.2493,2.0825,1.1674,-0.4396,6,3,1,0.8282
A'ja Wilson,LVA,2026-09-27,700,13762.4,37170,5.16,7.15,1.99,3.44,1.4,-1.3,0.22,0.6,2.68,0.0293,0.0102,1.6619,0.6241,-2.5259,-2.9138,1,21,2,0.8282
Breanna Stewart,NYL,2026-09-27,700,13312.8,41538,5.1,7.12,2.02,2.75,1.81,-0.48,0.19,-0.11,2.26,0.0234,0.0086,2.1584,-0.1152,-0.934,-2.4601,2,19,3,0.8282
Leonie Fiebich,NYL,2026-09-27,700,6287.7,9564,1.91,6.74,4.83,2.66,-0.15,-0.68,0.97,0.29,2.61,0.0226,0.0447,-0.1753,0.2966,-1.3103,-2.8465,50,1,4,0.8282
Alyssa Thomas,PHO,2026-09-27,700,13646.0,46491,3.12,5.83,2.71,1.68,1.18,-0.05,-0.09,0.9,0.87,0.0143,-0.0041,1.4095,0.9297,-0.0977,-0.9489,19,7,5,0.8282
Chelsea Gray,LVA,2026-09-27,700,13657.2,44863,4.15,5.43,1.28,3.28,0.79,-0.64,-0.0,0.48,-0.06,0.0279,-0.0001,0.9367,0.497,-1.2447,0.067,8,47,6,0.8282
Jackie Young,LVA,2026-09-27,700,14010.0,33586,3.94,5.31,1.37,1.93,1.56,0.01,0.11,-0.63,0.65,0.0164,0.0049,1.8578,-0.6509,0.0273,-0.7085,11,43,7,0.8282
Brionna Jones,ATL,2026-09-27,700,7206.6,21707,3.22,5.24,2.02,1.21,-0.33,1.24,0.32,-0.4,1.93,0.0103,0.0148,-0.394,-0.4119,2.3972,-2.0998,17,19,8,0.8282
Skylar Diggins-Smith,CHI,2026-09-27,700,9530.6,42694,3.49,5.23,1.74,1.47,1.62,0.36,0.12,0.48,0.68,0.0125,0.0055,1.9255,0.4974,0.7015,-0.735,15,28,9,0.8282
Candace Parker,LVA,2026-09-27,700,2596.3,46004,1.65,5.02,3.37,1.61,-0.29,-0.46,0.74,0.68,2.35,0.0137,0.0343,-0.3489,0.7063,-0.8931,-2.5546,58,2,10,0.8282
Natasha Howard,MIN,2026-09-27,700,11756.0,37757,3.78,5.0,1.22,2.15,-0.23,-0.08,0.14,1.11,0.56,0.0183,0.0063,-0.2736,1.1408,-0.1527,-0.6088,13,49,11,0.8282
Kaila Charles,GSV,2026-09-27,700,4968.6,8928,2.94,4.99,2.05,1.23,0.12,1.31,0.43,1.08,1.35,0.0105,0.0198,0.1382,1.1113,2.527,-1.4674,22,18,12,0.8282
Napheesa Collier,MIN,2026-09-27,700,9101.5,26044,2.07,4.98,2.92,2.56,0.67,-0.78,0.42,0.78,1.06,0.0218,0.0195,0.8003,0.8062,-1.5127,-1.1562,46,6,13,0.8282
Aliyah Boston,IND,2026-09-27,700,10689.8,18533,2.87,4.69,1.82,1.37,0.15,-0.5,0.28,0.62,2.33,0.0117,0.0128,0.1732,0.6363,-0.9666,-2.5318,26,27,14,0.8282
Angel Reese,ATL,2026-09-27,700,9033.7,12880,2.45,4.63,2.19,0.74,-0.94,1.46,0.25,1.26,1.54,0.0063,0.0116,-1.1136,1.3013,2.8302,-1.6757,34,14,15,0.8282
Elena Delle Donne,WAS,2026-09-27,700,2029.9,26906,2.75,4.62,1.87,3.01,1.75,-0.47,0.52,-0.66,3.01,0.0256,0.024,2.0781,-0.6797,-0.9182,-3.2746,29,24,16,0.8282
Bridget Carleton,POR,2026-09-27,700,10956.0,22697,2.27,4.23,1.96,1.53,0.95,-0.33,0.15,0.62,0.79,0.013,0.0067,1.1257,0.6428,-0.6421,-0.8641,41,22,17,0.8282
Jonquel Jones,NYL,2026-09-27,700,11202.6,34055,2.03,4.12,2.09,1.03,-1.67,0.73,0.46,-1.08,3.39,0.0088,0.021,-1.9921,-1.1177,1.4202,-3.6921,48,16,18,0.8282
Anastasiia Olairi Kosu,MIN,2026-09-27,700,1327.2,1550,2.93,3.89,0.96,5.76,0.06,-0.13,0.25,1.61,0.83,0.049,0.0116,0.0692,1.6583,-0.2462,-0.8983,23,69,19,0.8282
Courtney Williams,MIN,2026-09-27,700,13121.1,39819,2.37,3.81,1.44,0.93,1.57,-0.42,-0.16,0.6,-0.33,0.0079,-0.0072,1.8696,0.6167,-0.8114,0.3542,35,41,20,0.8282
Kayla McBride,MIN,2026-09-27,700,13879.1,47975,3.15,3.8,0.66,1.56,0.75,-0.53,0.11,0.2,0.12,0.0133,0.0052,0.8913,0.2094,-1.034,-0.1285,18,90,21,0.8282
Sydney Taylor,CHI,2026-09-27,700,2813.8,3023,2.96,3.67,0.72,3.77,2.01,-0.72,-0.1,2.42,-2.31,0.0321,-0.0044,2.3895,2.4943,-1.401,2.5116,21,82,22,0.8282
Allisha Gray,ATL,2026-09-27,700,14492.7,40039,2.98,3.59,0.62,1.2,1.17,0.37,-0.08,0.01,0.13,0.0102,-0.0038,1.3924,0.0136,0.7211,-0.137,20,95,23,0.8282
Gabby Williams,GSV,2026-09-27,700,8783.3,21773,2.04,3.56,1.52,0.98,1.27,-0.46,-0.14,1.26,-1.38,0.0083,-0.0064,1.5165,1.2989,-0.8862,1.5037,47,35,24,0.8282
Sonia Citron,WAS,2026-09-27,700,8095.1,10332,2.09,3.54,1.45,3.3,1.04,-0.73,-0.08,0.02,0.33,0.0281,-0.0039,1.2352,0.025,-1.4073,-0.3597,45,40,25,0.8282
Naz Hillmon,ATL,2026-09-27,700,9969.1,17072,2.36,3.49,1.13,1.63,0.19,-0.06,0.26,-1.2,1.84,0.0139,0.012,0.2296,-1.2407,-0.1124,-2.0008,37,57,26,0.8282
Jordin Canada,ATL,2026-09-27,700,11030.1,27890,1.83,3.35,1.51,1.2,0.95,-0.16,-0.21,1.84,-0.46,0.0102,-0.0097,1.1271,1.901,-0.3017,0.5043,52,36,27,0.8282
Azzi Fudd,DAL,2026-09-27,700,3275.6,3597,2.59,3.35,0.76,1.56,2.18,-0.74,-0.05,1.03,0.26,0.0133,-0.0021,2.5958,1.0634,-1.4324,-0.2876,32,79,27,0.8282
Leïla Lacan,CON,2026-09-27,700,4598.4,5664,0.06,3.23,3.16,0.22,0.44,-0.14,0.36,1.93,1.15,0.0019,0.0167,0.5248,1.9955,-0.2734,-1.2518,149,5,29,0.8282
Paige Bueckers,DAL,2026-09-27,700,7683.8,9614,4.76,3.2,-1.56,3.2,2.16,-0.9,-0.26,0.43,-0.71,0.0272,-0.0122,2.5657,0.4468,-1.7498,0.7705,3,430,30,0.8282
Allie Quigley,CHI,2026-09-27,700,2139.5,29847,2.18,3.17,0.98,2.17,1.57,-0.44,0.29,0.06,-0.22,0.0185,0.0134,1.8676,0.0574,-0.8484,0.2379,43,67,31,0.8282
Satou Sabally,NYL,2026-09-27,700,6357.4,15720,3.27,3.11,-0.16,1.95,1.28,0.03,-0.21,-1.09,0.82,0.0166,-0.0097,1.5238,-1.1207,0.0497,-0.8975,16,310,32,0.8282
Kelsey Mitchell,IND,2026-09-27,700,14639.4,37999,4.22,2.94,-1.28,2.11,1.99,0.02,-0.4,-0.43,-0.71,0.018,-0.0185,2.3693,-0.4393,0.04,0.772,7,420,33,0.8282
Jewell Loyd,LVA,2026-09-27,700,13245.7,46721,2.71,2.81,0.1,2.08,0.72,0.17,-0.14,0.86,-1.3,0.0177,-0.0063,0.8627,0.8923,0.3346,1.4134,31,214,34,0.8282
Kelsey Plum,PHO,2026-09-27,700,11086.4,33975,4.0,2.8,-1.21,2.87,1.5,-0.53,-0.26,-0.44,-0.56,0.0244,-0.0119,1.7856,-0.4586,-1.0244,0.6059,9,413,35,0.8282
Olivia Miles,MIN,2026-09-27,700,4421.3,4782,4.42,2.75,-1.67,2.4,1.45,0.4,-0.56,-0.79,0.12,0.0204,-0.0258,1.7304,-0.8102,0.7677,-0.1277,5,434,36,0.8282
Ariel Atkins,LAS,2026-09-27,700,11070.6,30007,2.25,2.75,0.49,1.14,0.45,-0.56,-0.24,0.97,-0.31,0.0097,-0.0111,0.5306,1.0041,-1.0757,0.3408,42,116,36,0.8282
Lexie Hull,IND,2026-09-27,700,8121.9,13992,2.84,2.69,-0.15,1.7,0.29,0.43,-0.13,-0.55,0.36,0.0145,-0.0059,0.3437,-0.571,0.8307,-0.389,27,306,38,0.8282
Ezi Magbegor,SEA,2026-09-27,700,8442.2,20782,-0.54,2.65,3.19,-0.95,0.56,-0.58,0.53,0.3,2.3,-0.0081,0.0243,0.6715,0.3092,-1.1167,-2.5018,326,3,39,0.8282
Nneka Ogwumike,LAS,2026-09-27,700,13495.1,53419,1.48,2.64,1.16,1.03,0.24,-0.85,0.02,0.22,0.55,0.0088,0.0009,0.2867,0.2226,-1.6402,-0.5987,65,53,40,0.8282
Betnijah Laney-Hamilton,WAS,2026-09-27,700,6127.4,23553,1.44,2.62,1.17,2.89,-0.49,-0.72,0.31,-0.19,0.99,0.0246,0.0141,-0.5865,-0.1951,-1.388,-1.0768,68,52,41,0.8282
Emma Meesseman,NYL,2026-09-27,700,2613.2,24372,1.45,2.49,1.04,2.13,-0.09,-0.45,0.16,-0.72,1.46,0.0181,0.0072,-0.1094,-0.7475,-0.8686,-1.5907,67,63,42,0.8282
Makayla Timpson,IND,2026-09-27,700,3627.2,4118,4.58,2.43,-2.15,4.18,1.04,-0.1,-0.14,-1.3,0.93,0.0356,-0.0065,1.2373,-1.3449,-0.1877,-1.0161,4,449,43,0.8282
Brittney Sykes,TOR,2026-09-27,700,8865.6,30817,1.12,2.36,1.24,0.76,1.68,-0.54,0.0,1.75,-0.77,0.0065,0.0,1.9954,1.808,-1.0439,0.8362,82,48,44,0.8282
Alanna Smith,DAL,2026-09-27,700,7821.9,16418,0.5,2.34,1.84,-0.01,-0.66,0.21,0.32,0.96,0.65,-0.0001,0.0147,-0.7905,0.9943,0.3994,-0.7057,112,26,45,0.8282
Tyasha Harris,IND,2026-09-27,700,5736.8,14783,1.8,2.33,0.53,1.76,0.49,-0.07,0.07,-0.19,0.15,0.015,0.0034,0.5847,-0.199,-0.1373,-0.1647,53,109,46,0.8282
Rhyne Howard,ATL,2026-09-27,700,12287.0,22703,0.83,2.32,1.48,-1.1,1.82,0.25,-0.14,0.98,-0.65,-0.0094,-0.0063,2.1687,1.008,0.4876,0.7109,93,37,47,0.8282
Tiffany Hayes,GSV,2026-09-27,700,7967.4,40943,1.68,2.22,0.54,0.59,1.16,0.01,0.04,0.13,0.43,0.005,0.0019,1.3756,0.1325,0.0194,-0.4636,56,107,48,0.8282
Brittney Griner,CON,2026-09-27,700,7370.9,39906,1.64,2.22,0.58,1.69,0.37,-0.98,0.46,-1.75,2.71,0.0144,0.0214,0.4355,-1.801,-1.8898,-2.9557,60,101,48,0.8282
Jessica Shepard,DAL,2026-09-27,700,8322.0,15274,1.85,2.11,0.26,1.01,-0.66,0.52,0.21,-2.87,3.0,0.0086,0.0099,-0.781,-2.9604,1.0033,-3.2622,51,157,50,0.8282
DeWanna Bonner,ATL,2026-09-27,700,12049.9,64902,-0.62,2.05,2.66,-0.55,0.92,-0.75,0.35,-0.21,1.4,-0.0047,0.016,1.0897,-0.2159,-1.4445,-1.5281,344,8,51,0.8282
Maya Moore,MIN,2026-09-27,700,629.1,30966,1.14,2.01,0.88,1.2,1.08,0.06,0.41,0.22,1.01,0.0102,0.0187,1.2808,0.2232,0.1167,-1.1022,81,75,52,0.8282
Sue Bird,SEA,2026-09-27,700,1771.7,64186,1.28,2.0,0.72,2.11,-0.19,-0.8,0.22,-0.4,0.77,0.018,0.01,-0.2259,-0.4095,-1.5447,-0.8342,79,82,53,0.8282
Caitlin Clark,IND,2026-09-27,700,8105.1,12067,4.0,1.98,-2.02,4.38,-0.39,-0.67,-0.11,-0.07,-0.72,0.0373,-0.0049,-0.4623,-0.07,-1.2903,0.7884,9,444,54,0.8282
Indya Nivar,ATL,2026-09-27,700,236.5,262,0.8,1.89,1.09,-1.1,2.15,1.89,0.59,2.33,1.01,-0.0094,0.0271,2.5567,2.4014,3.6683,-1.0962,96,59,55,0.8282
Kiki Iriafen,WAS,2026-09-27,700,6909.2,8779,1.47,1.89,0.42,0.67,-1.67,0.89,-0.1,-1.49,1.88,0.0057,-0.0047,-1.9845,-1.5416,1.7309,-2.0439,66,123,55,0.8282
Carla Leite,POR,2026-09-27,700,5069.2,6191,1.65,1.84,0.19,2.22,0.93,-1.1,0.44,0.73,0.39,0.0189,0.0202,1.1028,0.7576,-2.1218,-0.4265,58,183,57,0.8282
Natisha Hiedeman,SEA,2026-09-27,700,9945.3,22255,2.01,1.82,-0.19,1.64,0.94,0.23,-0.11,-0.19,-0.47,0.014,-0.0052,1.1171,-0.1967,0.4412,0.5166,49,316,58,0.8282
Kathryn Westbeld,PHO,2026-09-27,700,2055.6,3190,-0.63,1.79,2.41,0.07,-0.48,-0.0,0.36,1.61,0.15,0.0006,0.0166,-0.5702,1.6615,-0.0018,-0.1686,346,11,59,0.8282
Shakira Austin,WAS,2026-09-27,700,8061.0,13238,-0.3,1.77,2.06,-0.8,-1.41,0.56,0.45,0.0,1.78,-0.0068,0.0207,-1.6797,0.0001,1.0863,-1.9381,277,17,60,0.8282
Antonia Delaere,MIN,2026-09-27,700,1699.8,1858,0.6,1.76,1.16,-1.32,0.62,0.66,0.33,2.04,-0.74,-0.0112,0.0152,0.7363,2.1053,1.2814,0.8074,108,53,61,0.8282
Natasha Mack,PHO,2026-09-27,700,5320.2,7711,0.56,1.72,1.16,0.06,-0.53,0.41,0.43,0.17,2.09,0.0005,0.0199,-0.626,0.1754,0.8032,-2.273,109,53,62,0.8282
Julie Allemand,TOR,2026-09-27,700,6254.5,11353,2.93,1.71,-1.22,1.77,1.25,0.02,-0.06,-0.25,0.51,0.0151,-0.0026,1.4856,-0.2587,0.043,-0.552,23,414,63,0.8282
Awak Kuier,DAL,2026-09-27,700,3646.2,6797,0.36,1.7,1.34,1.82,-0.15,-0.36,0.58,-1.82,2.6,0.0155,0.0266,-0.1798,-1.8754,-0.6958,-2.828,119,44,64,0.8282
Cecilia Zandalasini,GSV,2026-09-27,700,4313.7,7902,-0.26,1.62,1.89,0.52,0.21,-0.69,0.11,0.19,0.66,0.0044,0.0052,0.2546,0.1969,-1.3314,-0.7196,269,23,65,0.8282
Han Xu,NYL,2026-09-27,700,2858.9,5412,0.92,1.6,0.68,0.25,1.27,0.44,0.77,-1.79,3.88,0.0021,0.0354,1.513,-1.8511,0.8575,-4.2278,88,89,66,0.8282
Kennedy Burke,CON,2026-09-27,700,6504.8,13022,0.13,1.59,1.46,1.14,-0.16,0.31,0.34,0.34,0.64,0.0097,0.0155,-0.1946,0.3535,0.6066,-0.692,140,38,67,0.8282
Li Yueru,DAL,2026-09-27,700,3682.8,6004,1.42,1.56,0.13,0.93,-1.3,0.71,0.23,-2.18,2.58,0.0079,0.0108,-1.5485,-2.25,1.381,-2.807,70,199,68,0.8282
Awa Fam,SEA,2026-09-27,700,3649.0,3927,2.28,1.56,-0.71,1.52,-1.39,0.46,0.05,-0.54,1.04,0.0129,0.0024,-1.6605,-0.5525,0.8907,-1.133,40,380,68,0.8282
Kayla Thornton,GSV,2026-09-27,700,9254.1,30353,-0.79,1.55,2.34,-1.41,0.7,0.45,0.03,-0.15,0.88,-0.012,0.0013,0.8363,-0.1515,0.8759,-0.9569,376,12,70,0.8282
Courtney Vandersloot,CHI,2026-09-27,700,7730.8,48570,1.32,1.54,0.22,0.83,0.67,-0.48,-0.15,0.67,-0.11,0.0071,-0.007,0.8008,0.6894,-0.9299,0.1157,77,168,71,0.8282
Serah Williams,POR,2026-09-27,700,1864.9,1998,1.02,1.5,0.48,3.87,-1.87,-0.22,-0.36,3.1,-0.83,0.0329,-0.0164,-2.2218,3.2024,-0.4257,0.9043,86,118,72,0.8282
Aicha Coulibaly,CHI,2026-09-27,700,1535.3,1647,1.4,1.46,0.06,1.33,0.13,0.53,-0.12,0.58,0.19,0.0113,-0.0054,0.1601,0.5941,1.0215,-0.212,73,233,73,0.8282
Janelle Salaün,GSV,2026-09-27,700,5384.9,6854,3.88,1.46,-2.42,1.57,1.12,0.6,-0.74,-1.68,-1.06,0.0134,-0.0339,1.3295,-1.729,1.1686,1.1543,12,457,73,0.8282
Anneli Maley,NYL,2026-09-27,700,365.0,523,0.39,1.41,1.02,0.21,1.27,0.18,0.43,3.62,-2.75,0.0018,0.0196,1.5173,3.7368,0.3417,2.9956,117,64,75,0.8282
Sylvia Fowles,MIN,2026-09-27,700,2095.9,44944,0.69,1.41,0.72,0.95,-1.02,-0.05,0.22,-1.31,2.79,0.0081,0.0101,-1.2139,-1.3519,-0.0921,-3.0415,101,82,75,0.8282
LaToya Sanders,WAS,2026-09-27,700,382.0,10134,1.31,1.4,0.1,1.8,0.66,0.1,0.41,-0.06,0.79,0.0153,0.019,0.7824,-0.0578,0.1907,-0.8583,78,214,77,0.8282
Chennedy Carter,LVA,2026-09-27,700,2996.2,8458,1.5,1.37,-0.12,1.1,2.22,0.2,-0.17,0.03,-0.21,0.0094,-0.0077,2.647,0.0346,0.3948,0.2319,63,299,78,0.8282
Karlie Samuelson,POR,2026-09-27,700,4882.3,10429,0.84,1.36,0.52,1.89,0.48,-0.53,-0.04,1.1,-1.13,0.0161,-0.0017,0.5709,1.1384,-1.0268,1.2268,91,111,79,0.8282
Diana Taurasi,PHO,2026-09-27,700,4478.3,65611,1.43,1.33,-0.1,2.02,0.43,-0.58,0.04,-0.55,0.35,0.0172,0.0018,0.5175,-0.5664,-1.121,-0.3842,69,295,80,0.8282
Maria Vadeeva,MIN,2026-09-27,700,1040.0,2904,-0.16,1.27,1.43,0.99,0.38,-0.17,0.48,0.21,1.67,0.0084,0.0222,0.4477,0.2209,-0.3325,-1.8141,232,42,81,0.8282
Lauren Betts,WAS,2026-09-27,700,2924.3,3124,0.07,1.22,1.15,0.63,-0.6,0.25,0.36,0.39,1.67,0.0054,0.0165,-0.7148,0.3988,0.4919,-1.8164,147,56,82,0.8282
Danielle Robinson,ATL,2026-09-27,700,2607.6,34822,-0.4,1.21,1.61,0.95,0.11,-0.41,0.19,1.73,-0.16,0.0081,0.0089,0.1338,1.7797,-0.7918,0.1739,301,30,83,0.8282
Maddy Siegrist,DAL,2026-09-27,700,5455.8,8797,2.47,1.2,-1.27,0.68,1.17,1.09,-0.04,-0.91,0.17,0.0058,-0.0019,1.3963,-0.9346,2.1137,-0.1863,33,419,84,0.8282
Seimone Augustus,LAS,2026-09-27,700,687.1,41643,0.78,1.19,0.41,0.85,1.55,-0.27,-0.15,0.71,-0.32,0.0072,-0.0071,1.8497,0.7304,-0.5136,0.3498,98,125,85,0.8282
Jovana Nogic,PHO,2026-09-27,700,1075.3,1216,1.03,1.17,0.14,0.89,0.96,0.58,-0.36,1.75,-1.51,0.0076,-0.0167,1.1427,1.8085,1.116,1.6488,84,194,86,0.8282
Flau'jae Johnson,SEA,2026-09-27,700,4266.7,4616,1.7,1.14,-0.56,2.13,1.66,-0.9,-0.08,0.65,-0.26,0.0181,-0.0039,1.9731,0.6723,-1.7394,0.2872,55,368,87,0.8282
Charisma Osborne,POR,2026-09-27,700,208.9,223,0.77,1.12,0.34,0.19,0.66,0.35,0.41,2.09,1.13,0.0016,0.0188,0.7911,2.154,0.6772,-1.2251,100,141,88,0.8282
Olivia Nelson-Ododa,CON,2026-09-27,700,6237.7,11412,-1.35,1.11,2.46,0.42,-1.33,0.15,0.42,1.55,0.56,0.0036,0.0192,-1.5774,1.6001,0.292,-0.6116,417,10,89,0.8282
Natasha Cloud,CHI,2026-09-27,700,12564.7,38806,0.15,1.08,0.93,0.13,1.77,-1.04,-0.14,0.66,-0.68,0.0011,-0.0063,2.1114,0.6818,-2.0159,0.7353,139,71,90,0.8282
Marina Mabrey,TOR,2026-09-27,700,10974.3,26204,1.39,1.07,-0.32,1.68,0.18,-0.79,-0.02,0.21,-0.43,0.0143,-0.0011,0.2194,0.2186,-1.5388,0.4631,74,336,91,0.8282
Jihyun Park,LAS,2026-09-27,700,1323.2,1419,1.34,1.07,-0.28,2.9,0.53,-0.34,-0.31,0.3,0.61,0.0247,-0.0141,0.6336,0.3103,-0.6638,-0.6638,75,330,91,0.8282
Ruthy Hebard,CHI,2026-09-27,700,889.7,5030,0.07,1.04,0.97,1.08,0.52,-0.06,0.1,1.76,-0.65,0.0092,0.0045,0.6163,1.8116,-0.1188,0.7068,147,68,93,0.8282
Michaela Onyenwere,WAS,2026-09-27,700,8363.9,17100,1.22,1.02,-0.2,1.47,-0.11,0.21,0.15,-0.81,1.52,0.0125,0.0071,-0.1316,-0.836,0.4032,-1.658,80,318,94,0.8282
Elizabeth Williams,CHI,2026-09-27,700,8636.9,34774,-0.58,0.99,1.57,-1.07,0.17,0.82,0.51,-0.65,1.36,-0.0091,0.0233,0.1995,-0.6723,1.5895,-1.4851,332,32,95,0.8282
Layshia Clarendon,LAS,2026-09-27,700,2311.2,23517,-0.16,0.93,1.1,-0.38,0.85,-0.1,-0.13,0.74,-0.32,-0.0032,-0.006,1.0074,0.7614,-0.2009,0.3492,232,58,96,0.8282
Briann January,SEA,2026-09-27,700,1811.8,36693,0.03,0.92,0.89,0.93,0.16,-0.46,-0.11,1.14,-0.88,0.0079,-0.0051,0.1868,1.1798,-0.8994,0.9551,155,74,97,0.8282
Sami Whitcomb,PHO,2026-09-27,700,7766.9,24434,0.56,0.86,0.3,0.9,1.05,-0.09,-0.12,-0.47,-0.55,0.0077,-0.0057,1.2536,-0.4797,-0.1728,0.601,109,150,98,0.8282
Dearica Hamby,LAS,2026-09-27,700,12963.8,39434,0.64,0.84,0.2,0.23,-0.04,0.01,0.14,-0.6,1.72,0.002,0.0065,-0.051,-0.6145,0.0173,-1.8739,103,181,99,0.8282
Angel McCoughtry,MIN,2026-09-27,700,650.8,33799,0.29,0.84,0.56,0.66,0.28,0.14,0.11,0.76,0.03,0.0056,0.0051,0.3317,0.7806,0.2804,-0.037,124,105,99,0.8282
Shey Peddy,IND,2026-09-27,700,2257.4,9211,0.61,0.82,0.21,0.26,1.29,-0.01,-0.2,0.69,-0.9,0.0022,-0.0091,1.5362,0.7137,-0.0103,0.9841,107,175,101,0.8282
Rebekkah Brunson,MIN,2026-09-27,700,466.2,41002,0.48,0.77,0.28,0.33,0.01,-0.03,-0.01,-0.45,0.5,0.0028,-0.0003,0.0073,-0.4662,-0.0668,-0.5449,114,153,102,0.8282
Sugar Rodgers,LVA,2026-09-27,700,633.3,17164,-0.09,0.73,0.82,0.26,0.93,0.16,0.25,0.66,-0.23,0.0022,0.0113,1.1019,0.6788,0.3053,0.2506,194,77,103,0.8282
Kaitlyn Chen,GSV,2026-09-27,700,3020.5,3536,0.88,0.73,-0.15,2.17,0.38,-0.29,0.15,0.91,0.59,0.0185,0.0069,0.4542,0.9364,-0.5694,-0.6374,90,306,103,0.8282
Aziaha James,DAL,2026-09-27,700,3557.0,4650,0.83,0.71,-0.12,-0.82,1.71,0.58,-0.31,1.13,-0.84,-0.007,-0.0141,2.0341,1.1705,1.1294,0.9114,93,299,105,0.8282
Cotie McMahon,WAS,2026-09-27,700,3043.8,3260,-0.59,0.71,1.3,-1.16,0.0,1.22,0.45,-0.1,1.46,-0.0099,0.0209,0.0052,-0.1062,2.3718,-1.5854,337,46,105,0.8282
Jennie Simms,PHO,2026-09-27,700,367.4,1880,-0.39,0.7,1.08,-0.38,-1.04,0.24,0.71,1.49,0.67,-0.0032,0.0329,-1.2391,1.5373,0.4611,-0.7261,297,60,107,0.8282
Lindsay Whalen,MIN,2026-09-27,700,449.2,49073,0.42,0.68,0.26,-0.05,0.75,-0.04,0.11,-0.56,0.33,-0.0004,0.0049,0.8871,-0.5737,-0.0782,-0.3613,116,157,108,0.8282
Sophie Cunningham,IND,2026-09-27,700,9695.7,22525,0.35,0.67,0.32,1.21,-0.34,-0.16,0.11,-0.17,-0.07,0.0103,0.005,-0.4087,-0.1758,-0.3123,0.0713,121,144,109,0.8282
Jasmine Thomas,LAS,2026-09-27,700,2069.2,35929,-0.95,0.66,1.61,-1.57,1.11,0.29,0.21,0.98,-0.1,-0.0134,0.0095,1.3192,1.0105,0.5592,0.1061,393,30,110,0.8282
Evina Westbrook,LAS,2026-09-27,700,338.7,1357,0.1,0.64,0.54,1.32,0.27,-0.19,0.38,1.0,-0.64,0.0112,0.0176,0.3204,1.0284,-0.3752,0.6941,142,107,111,0.8282
Celeste Taylor,PHO,2026-09-27,700,604.5,1286,0.36,0.63,0.27,1.13,1.43,-0.19,0.05,2.0,-1.6,0.0096,0.0022,1.7078,2.0609,-0.371,1.747,119,155,112,0.8282
Nayo Raincock-Ekunwe,NYL,2026-09-27,700,149.5,2603,0.12,0.61,0.49,0.33,0.15,0.19,0.49,1.08,-0.08,0.0028,0.0225,0.1803,1.1175,0.3698,0.0862,141,116,113,0.8282
Sika Koné,ATL,2026-09-27,700,1475.7,2631,0.22,0.59,0.36,0.87,-0.77,0.61,0.13,0.88,0.58,0.0074,0.0059,-0.9142,0.9096,1.1827,-0.632,132,135,114,0.8282
Monique Akoa Makani,LAS,2026-09-27,700,4385.7,5680,-0.96,0.58,1.54,-1.36,0.11,-0.02,0.45,0.91,0.63,-0.0116,0.0205,0.1349,0.9361,-0.0433,-0.6827,395,33,115,0.8282
Tamika Catchings,IND,2026-09-27,700,239.3,49230,0.25,0.56,0.3,0.55,0.35,-0.05,0.29,1.02,0.11,0.0047,0.0134,0.4154,1.0515,-0.0968,-0.1146,127,150,116,0.8282
Bree Hall,IND,2026-09-27,700,148.0,175,-0.16,0.55,0.72,0.39,-0.39,0.13,1.48,-1.01,3.66,0.0033,0.0683,-0.4666,-1.0403,0.248,-3.9804,232,82,117,0.8282
Madison Scott,NYL,2026-09-27,700,160.7,230,0.78,0.49,-0.29,2.19,2.79,0.07,-0.68,-0.45,-1.47,0.0186,-0.0311,3.324,-0.4639,0.1332,1.6052,98,332,118,0.8282
Teaira McCowan,MIN,2026-09-27,700,4801.0,17863,1.33,0.48,-0.84,-0.49,-0.08,1.25,0.24,-1.68,1.84,-0.0042,0.0112,-0.0993,-1.734,2.4218,-2.0068,76,391,119,0.8282
Yvonne Anderson,MIN,2026-09-27,700,114.7,454,0.1,0.47,0.37,-0.32,0.09,0.49,0.43,1.34,-0.97,-0.0027,0.0197,0.1051,1.38,0.9404,1.0512,142,131,120,0.8282
Bella Alarie,DAL,2026-09-27,700,355.5,2653,-0.17,0.46,0.63,-1.03,0.89,0.18,0.77,0.45,1.74,-0.0088,0.0353,1.0613,0.4623,0.3472,-1.8959,237,94,121,0.8282
Shyanne Sellers,LAS,2026-09-27,700,87.3,88,0.24,0.45,0.21,1.19,-1.17,-0.05,0.15,2.15,0.32,0.0101,0.0071,-1.3982,2.2216,-0.088,-0.3459,129,175,122,0.8282
Laeticia Amihere,GSV,2026-09-27,700,2938.8,4194,-0.31,0.45,0.76,-0.33,-0.77,0.69,0.14,-0.56,0.62,-0.0028,0.0064,-0.9197,-0.5793,1.3408,-0.6747,280,79,122,0.8282
Raegan Beers,CON,2026-09-27,700,1853.6,1985,-0.47,0.44,0.91,0.0,-0.27,0.14,0.33,-0.35,2.22,0.0,0.0154,-0.3232,-0.3626,0.2709,-2.4137,315,73,124,0.8282
Ndjakalenga Mwenentanda,LAS,2026-09-27,700,169.7,177,0.49,0.43,-0.06,4.1,-2.79,-0.23,0.03,1.03,-1.71,0.0349,0.0012,-3.3166,1.0645,-0.4532,1.8592,113,281,125,0.8282
Aerial Powers,IND,2026-09-27,700,2588.3,15351,-0.31,0.41,0.72,-0.36,0.88,0.2,0.02,1.08,-0.33,-0.0031,0.0009,1.0531,1.1145,0.3967,0.3539,280,82,126,0.8282
Janel McCarville,MIN,2026-09-27,700,126.5,22026,0.17,0.41,0.23,0.39,0.35,-0.06,0.26,0.13,0.42,0.0033,0.0121,0.4198,0.1323,-0.1232,-0.4525,137,165,126,0.8282
Iliana Rupert,GSV,2026-09-27,700,1576.8,3340,-0.17,0.41,0.59,1.35,-0.8,-1.01,0.38,-1.18,1.7,0.0115,0.0175,-0.9544,-1.2212,-1.9501,-1.8466,237,97,126,0.8282
Odyssey Sims,DAL,2026-09-27,700,6541.3,33937,0.03,0.4,0.37,0.01,0.87,0.08,-0.31,1.06,-1.05,0.0001,-0.0144,1.0298,1.0946,0.1562,1.138,155,131,129,0.8282
Tanisha Wright,NYL,2026-09-27,700,527.2,38906,-0.04,0.4,0.44,0.26,0.28,-0.05,0.09,0.2,-0.09,0.0022,0.004,0.3306,0.2023,-0.0902,0.0933,176,120,129,0.8282
Alexis Prince,PHO,2026-09-27,700,79.8,701,-0.17,0.4,0.57,-0.02,-0.89,0.06,0.84,-0.8,3.01,-0.0002,0.0385,-1.0625,-0.824,0.1143,-3.2719,237,103,129,0.8282
Taylor Thierry,SEA,2026-09-27,700,714.8,790,0.21,0.39,0.19,0.38,-0.45,0.85,0.1,1.01,0.64,0.0032,0.0046,-0.5395,1.0467,1.6363,-0.6992,134,183,132,0.8282
Sarah Ashlee Barker,POR,2026-09-27,700,3372.1,4300,-0.67,0.39,1.06,-0.07,-0.73,0.25,0.17,0.84,0.09,-0.0006,0.0079,-0.8741,0.8629,0.4754,-0.0979,355,62,132,0.8282
Li Meng,WAS,2026-09-27,700,692.0,2182,-0.21,0.37,0.58,0.88,-0.02,-0.24,0.36,-1.12,0.78,0.0075,0.0168,-0.0278,-1.1592,-0.4688,-0.8466,253,101,134,0.8282
Kia Vaughn,ATL,2026-09-27,700,1154.5,26429,-0.08,0.36,0.44,0.4,-0.71,-0.14,0.09,-0.93,1.69,0.0034,0.0043,-0.8478,-0.9635,-0.2757,-1.8437,190,120,135,0.8282
Camille Little,PHO,2026-09-27,700,600.3,38297,-0.01,0.35,0.36,0.65,0.05,-0.15,0.29,0.48,-0.08,0.0055,0.0133,0.0635,0.4952,-0.2826,0.0892,165,135,136,0.8282
Nell Angloma,CON,2026-09-27,700,1880.2,2007,-0.02,0.35,0.37,-1.43,1.33,1.24,0.21,0.28,0.38,-0.0122,0.0095,1.5875,0.291,2.3986,-0.4147,170,131,136,0.8282
Shavonte Zellous,WAS,2026-09-27,700,810.2,29317,-0.25,0.34,0.59,0.39,0.22,-0.04,0.29,-0.1,0.9,0.0033,0.0132,0.2664,-0.1016,-0.0685,-0.9792,266,97,138,0.8282
Penny Taylor,PHO,2026-09-27,700,135.8,33828,0.24,0.34,0.1,0.9,0.32,-0.1,0.05,0.92,-0.77,0.0077,0.0022,0.3858,0.9539,-0.1843,0.8405,129,214,138,0.8282
Alana Beard,LAS,2026-09-27,700,563.8,44278,-0.01,0.34,0.35,0.21,0.86,-0.14,0.0,0.98,-1.02,0.0018,0.0,1.026,1.0135,-0.268,1.113,165,138,138,0.8282
Pauline Astier,NYL,2026-09-27,700,3766.3,4066,2.76,0.34,-2.42,3.07,-0.31,-0.18,-0.6,-0.67,-0.92,0.0261,-0.0277,-0.3747,-0.6963,-0.3395,1.0013,28,457,138,0.8282
Brittany Boyd-Jones,CHI,2026-09-27,700,421.6,9310,-0.03,0.31,0.34,-0.07,0.82,0.07,-0.16,0.9,-0.78,-0.0006,-0.0076,0.9707,0.924,0.1409,0.8487,172,141,142,0.8282
Sancho Lyttle,PHO,2026-09-27,700,469.2,35129,-0.2,0.3,0.5,-0.48,0.65,-0.01,0.34,1.0,0.05,-0.0041,0.0158,0.7689,1.0282,-0.0184,-0.0584,248,114,143,0.8282
Shatori Walker-Kimbrough,ATL,2026-09-27,700,5095.5,18842,-1.57,0.3,1.87,0.69,0.35,-0.8,0.17,-0.77,0.32,0.0059,0.0077,0.4108,-0.7941,-1.545,-0.3458,430,24,143,0.8282
Renee Montgomery,ATL,2026-09-27,700,740.6,32439,-0.47,0.28,0.75,-0.62,0.24,0.01,0.32,0.38,0.24,-0.0053,0.0146,0.2899,0.3887,0.0198,-0.2586,315,81,145,0.8282
Raquel Carrera,NYL,2026-09-27,700,594.6,633,0.94,0.28,-0.66,1.82,-1.11,0.27,-0.29,2.03,0.52,0.0155,-0.0132,-1.3189,2.0939,0.5193,-0.5706,87,376,145,0.8282
Destiny Slocum,ATL,2026-09-27,700,117.5,713,-0.01,0.27,0.28,0.76,-0.19,-0.05,0.31,0.9,-0.26,0.0065,0.0141,-0.2242,0.9297,-0.1012,0.2861,165,153,147,0.8282
Maya Caldwell,MIN,2026-09-27,700,5416.8,8924,-0.76,0.23,0.99,-0.21,-0.25,0.36,0.17,-0.79,1.33,-0.0018,0.0077,-0.3018,-0.8176,0.7045,-1.447,369,66,148,0.8282
Kara Lawson,WAS,2026-09-27,700,131.4,33697,0.05,0.23,0.19,0.11,0.25,0.01,0.35,0.31,-0.02,0.0009,0.016,0.294,0.3229,0.0169,0.0202,151,183,148,0.8282
Laura Ziegler,LAS,2026-09-27,700,100.1,110,0.21,0.21,-0.0,0.11,2.92,-0.28,-0.22,1.28,-0.45,0.0009,-0.0101,3.4729,1.3248,-0.5446,0.4864,134,264,150,0.8282
Plenette Pierson,MIN,2026-09-27,700,282.8,35962,-0.08,0.19,0.26,-0.01,0.01,-0.02,0.23,0.6,-0.33,-0.0001,0.0104,0.0164,0.6222,-0.034,0.3556,190,157,151,0.8282
JJ Quinerly,DAL,2026-09-27,700,1419.2,2175,0.65,0.18,-0.47,1.8,0.1,-0.64,-0.6,-0.7,-2.37,0.0153,-0.0277,0.1236,-0.7174,-1.236,2.5817,102,354,152,0.8282
Leilani Mitchell,WAS,2026-09-27,700,1297.6,32625,0.1,0.17,0.07,0.25,1.23,-0.11,0.1,-0.43,0.28,0.0021,0.0045,1.4652,-0.4486,-0.2053,-0.3043,142,230,153,0.8282
Alysha Clark,DAL,2026-09-27,700,7738.1,37353,-1.95,0.17,2.12,-0.45,0.08,-0.72,0.27,-0.41,1.42,-0.0038,0.0123,0.097,-0.4261,-1.387,-1.5456,446,15,153,0.8282
Stephanie Mavunga,CHI,2026-09-27,700,135.9,1885,0.22,0.16,-0.06,0.6,-0.27,0.14,0.15,-1.37,0.43,0.0051,0.0068,-0.3227,-1.4122,0.2675,-0.4691,132,281,155,0.8282
Kristi Toliver,WAS,2026-09-27,700,1386.3,37831,0.28,0.15,-0.13,-0.08,0.54,-0.1,-0.1,-0.42,-0.38,-0.0007,-0.0045,0.6378,-0.4383,-0.2033,0.4162,125,302,156,0.8282
Taj McWilliams-Franklin,MIN,2026-09-27,700,66.4,46410,0.05,0.15,0.1,0.23,-0.21,-0.01,0.16,0.26,0.1,0.002,0.0073,-0.2522,0.2699,-0.0102,-0.1056,151,214,156,0.8282
Swin Cash,NYL,2026-09-27,700,211.6,47691,-0.23,0.15,0.38,-0.4,-0.3,0.06,0.35,0.45,0.15,-0.0034,0.0162,-0.3571,0.4598,0.1185,-0.167,260,129,156,0.8282
Epiphanny Prince,NYL,2026-09-27,700,1079.2,26470,-0.38,0.15,0.53,-0.02,0.81,0.11,0.27,-0.52,-0.32,-0.0002,0.0124,0.9689,-0.5327,0.2083,0.3469,294,109,156,0.8282
Mistie Bass,PHO,2026-09-27,700,136.5,15316,0.01,0.14,0.13,0.21,0.26,0.0,0.07,1.12,-1.18,0.0018,0.0033,0.314,1.1554,0.0022,1.2882,160,199,160,0.8282
Camryn Taylor,MIN,2026-09-27,700,57.3,84,-0.21,0.11,0.32,-0.87,0.02,0.3,0.52,0.91,0.96,-0.0074,0.0238,0.0193,0.9381,0.5715,-1.0453,253,144,161,0.8282
Jacki Gemelos,WAS,2026-09-27,700,95.8,1131,0.08,0.11,0.03,0.23,0.03,0.07,-0.08,0.45,-0.38,0.002,-0.0035,0.0371,0.4689,0.1377,0.414,146,251,161,0.8282
Asjha Jones,MIN,2026-09-27,700,85.8,32409,-0.02,0.11,0.13,-0.12,0.66,-0.06,0.26,0.02,0.54,-0.001,0.0121,0.7831,0.0229,-0.1227,-0.5833,170,199,161,0.8282
Armintie Herrington,WAS,2026-09-27,700,126.6,23357,-0.2,0.11,0.31,-0.43,0.13,0.01,0.33,0.93,-0.16,-0.0037,0.0153,0.1531,0.962,0.0289,0.1768,248,147,161,0.8282
Katie Douglas,CON,2026-09-27,700,117.9,44463,-0.07,0.1,0.17,-0.09,0.04,0.04,0.23,0.52,-0.28,-0.0008,0.0104,0.0446,0.537,0.072,0.31,186,188,165,0.8282
Dulcy Fankam Mendjiadeu,SEA,2026-09-27,700,607.1,1857,0.25,0.09,-0.16,-0.78,-1.47,1.12,-0.04,-1.08,1.9,-0.0066,-0.0018,-1.7553,-1.1145,2.1636,-2.0636,127,310,166,0.8282
Marine Fauthoux,NYL,2026-09-27,700,957.8,1011,0.35,0.09,-0.26,0.42,0.48,0.64,-0.18,-2.73,2.91,0.0036,-0.0084,0.5695,-2.8139,1.2368,-3.1664,121,327,166,0.8282
Megan Walker,ATL,2026-09-27,700,430.5,2935,-0.21,0.09,0.31,0.15,-0.09,0.18,0.28,-0.63,0.85,0.0013,0.0129,-0.1021,-0.6492,0.3501,-0.9304,253,147,166,0.8282
Robyn Parks,CON,2026-09-27,700,788.7,2256,-0.74,0.08,0.82,-0.89,1.04,-0.03,0.33,1.4,0.54,-0.0076,0.0153,1.2431,1.4397,-0.0539,-0.5869,367,77,169,0.8282
Candice Wiggins,NYL,2026-09-27,700,104.2,18555,-0.11,0.07,0.17,-0.11,-0.07,0.03,0.21,0.6,-0.37,-0.0009,0.0095,-0.0891,0.6189,0.066,0.4045,204,188,170,0.8282
Asia Taylor,PHO,2026-09-27,700,84.0,2175,-0.14,0.07,0.22,-0.39,-0.1,0.16,0.5,0.44,0.43,-0.0033,0.0232,-0.1236,0.4532,0.3126,-0.467,223,168,170,0.8282
Becky Hammon,LVA,2026-09-27,700,103.2,43163,0.02,0.07,0.05,0.31,0.14,-0.12,0.07,0.13,-0.24,0.0026,0.0032,0.1697,0.1317,-0.2329,0.2578,158,242,170,0.8282
Jordan Harrison,POR,2026-09-27,700,805.1,841,1.06,0.07,-0.99,0.56,0.42,0.43,-0.77,2.21,-2.05,0.0048,-0.0354,0.5035,2.2804,0.8244,2.2266,83,402,170,0.8282
Tan White,MIN,2026-09-27,700,93.0,26406,-0.13,0.07,0.2,-0.22,0.14,-0.01,0.18,0.49,-0.22,-0.0019,0.0081,0.165,0.5078,-0.0246,0.2442,219,181,170,0.8282
Liz Cambage,LAS,2026-09-27,700,1263.5,15711,-0.45,0.07,0.52,0.32,-1.59,-0.18,0.46,-1.39,2.9,0.0027,0.0214,-1.8877,-1.4296,-0.3482,-3.1558,311,111,170,0.8282
Jaime Nared,LVA,2026-09-27,700,61.1,1204,-0.22,0.07,0.29,-0.72,0.25,0.18,0.63,0.59,0.53,-0.0061,0.029,0.2918,0.6044,0.349,-0.5723,256,152,170,0.8282
Jia Perkins,MIN,2026-09-27,700,303.6,37338,-0.26,0.06,0.33,-0.39,0.84,-0.11,-0.01,1.06,-1.35,-0.0033,-0.0004,1.0031,1.0965,-0.2128,1.4654,269,143,177,0.8282
Maite Cazorla,ATL,2026-09-27,700,137.0,1834,-0.32,0.05,0.38,-0.68,0.24,0.13,0.44,0.59,0.69,-0.0058,0.0201,0.2903,0.6048,0.2463,-0.7501,283,129,178,0.8282
Erin Phillips,DAL,2026-09-27,700,137.0,16702,-0.01,0.05,0.06,-0.06,0.35,0.03,0.14,0.0,-0.32,-0.0005,0.0065,0.4163,0.0024,0.0568,0.3466,165,233,178,0.8282
Rui Machida,WAS,2026-09-27,700,409.7,1923,-0.4,0.04,0.44,-0.86,0.99,-0.0,-0.17,1.23,-0.09,-0.0073,-0.0078,1.1815,1.2722,-0.0062,0.0977,301,120,180,0.8282
Shenise Johnson,MIN,2026-09-27,700,377.3,15652,-0.05,0.03,0.08,-0.23,0.23,0.12,-0.22,1.13,-0.97,-0.002,-0.0101,0.2732,1.1636,0.2291,1.0606,178,225,181,0.8282
Tierra Ruffin-Pratt,LAS,2026-09-27,700,722.2,18868,-0.05,0.03,0.09,-1.0,1.21,0.03,0.18,-0.14,0.32,-0.0085,0.0084,1.4455,-0.1471,0.0635,-0.3523,178,221,181,0.8282
Shameka Christon,PHO,2026-09-27,700,80.0,26305,-0.03,0.03,0.06,-0.04,0.24,-0.02,0.11,0.16,-0.2,-0.0003,0.0051,0.2898,0.1644,-0.0482,0.2222,172,233,181,0.8282
Clarissa Dos Santos,CHI,2026-09-27,700,54.0,2783,0.0,0.03,0.02,-0.28,0.31,0.05,0.05,-0.18,-0.08,-0.0024,0.0023,0.3656,-0.1821,0.09,0.0871,163,253,181,0.8282
Ebony Hoffman,CON,2026-09-27,700,57.7,23361,-0.09,0.02,0.11,-0.05,-0.14,-0.05,0.13,0.38,-0.14,-0.0004,0.0059,-0.1618,0.3919,-0.0919,0.1484,194,207,185,0.8282
Shay Murphy,LVA,2026-09-27,700,85.7,10851,-0.13,0.02,0.15,-0.26,-0.43,0.15,0.12,0.62,-0.36,-0.0022,0.0053,-0.5174,0.6428,0.292,0.387,219,193,185,0.8282
Allison Hightower,WAS,2026-09-27,700,78.9,8822,-0.05,0.02,0.07,-0.29,0.45,0.1,0.14,0.2,-0.09,-0.0025,0.0066,0.5387,0.2071,0.1939,0.1013,178,230,185,0.8282
Monica Wright,SEA,2026-09-27,700,89.4,12511,-0.11,0.02,0.14,-0.16,-0.16,-0.03,0.21,0.38,0.17,-0.0014,0.0097,-0.1907,0.3894,-0.0591,-0.1837,204,194,185,0.8282
Lindsey Harding,NYL,2026-09-27,700,170.9,29034,-0.11,0.02,0.13,0.08,0.32,-0.01,-0.01,0.4,-0.64,0.0007,-0.0006,0.3855,0.4129,-0.0165,0.6961,204,199,185,0.8282
Kiara Leslie,WAS,2026-09-27,700,242.7,2038,-0.38,0.02,0.39,-0.86,1.0,-0.13,0.15,0.9,0.45,-0.0073,0.0067,1.1899,0.928,-0.2605,-0.4847,294,127,185,0.8282
Angel Goodrich,SEA,2026-09-27,700,53.0,4526,-0.06,0.02,0.08,-0.02,0.33,-0.08,0.22,0.05,0.1,-0.0002,0.01,0.3971,0.0499,-0.1523,-0.1056,181,225,185,0.8282
Nicole Powell,SEA,2026-09-27,700,98.8,31839,-0.07,0.01,0.09,-0.07,-0.08,0.01,0.03,0.87,-0.57,-0.0006,0.0015,-0.1005,0.8955,0.0161,0.6204,186,221,192,0.8282
Shoni Schimmel,LVA,2026-09-27,700,84.5,5524,-0.1,0.01,0.11,-0.15,-0.27,0.06,0.18,-0.27,0.08,-0.0013,0.0083,-0.3166,-0.2755,0.1103,-0.0872,199,207,192,0.8282
Cathrine Kraayeveld,LVA,2026-09-27,700,55.0,21952,-0.07,0.01,0.08,0.01,-0.05,-0.03,0.15,0.26,-0.16,0.0001,0.0067,-0.0538,0.273,-0.0677,0.1731,186,225,192,0.8282
Kalana Greene,LVA,2026-09-27,700,76.1,11446,-0.1,-0.0,0.1,-0.2,0.19,-0.02,0.12,0.18,-0.04,-0.0017,0.0055,0.2312,0.1816,-0.0468,0.0475,199,214,195,0.8282
Noemie Brochant,PHO,2026-09-27,700,3516.6,3791,1.68,0.0,-1.68,3.58,0.97,-1.61,-0.46,-0.26,0.13,0.0305,-0.0212,1.1494,-0.2671,-3.1099,-0.1467,56,435,195,0.8282
Vicki Baugh,LVA,2026-09-27,700,61.2,3581,-0.01,-0.0,0.01,-0.04,-0.02,0.05,0.16,-0.27,0.1,-0.0003,0.0072,-0.0184,-0.2797,0.0946,-0.1099,165,257,195,0.8282
Ana Dabovic,LAS,2026-09-27,700,55.6,2804,-0.1,0.0,0.11,-0.05,0.2,-0.07,0.29,0.1,-0.24,-0.0004,0.0133,0.2336,0.0993,-0.1432,0.2577,199,207,195,0.8282
Kelsey Griffin,CON,2026-09-27,700,75.7,11027,-0.14,0.0,0.14,-0.46,0.18,0.07,0.15,0.65,-0.55,-0.0039,0.0069,0.2182,0.6661,0.1296,0.5988,223,194,195,0.8282
Ivory Latta,WAS,2026-09-27,700,305.6,29161,-0.03,-0.01,0.01,-0.21,0.69,0.02,0.22,0.28,-0.49,-0.0018,0.0103,0.8202,0.2933,0.0483,0.537,172,257,200,0.8282
Katie Smith,NYL,2026-09-27,700,94.6,53521,-0.19,-0.02,0.17,-0.23,-0.38,-0.01,0.3,-0.11,0.85,-0.002,0.014,-0.4504,-0.1174,-0.0206,-0.9243,245,188,201,0.8282
Le'coe Willingham,ATL,2026-09-27,700,64.0,18238,-0.09,-0.02,0.08,-0.13,-0.38,0.02,0.09,0.12,-0.02,-0.0011,0.0041,-0.4541,0.1284,0.0321,0.0169,194,225,201,0.8282
Tina Thompson,SEA,2026-09-27,700,87.5,54208,-0.08,-0.03,0.05,0.09,-0.27,-0.07,0.08,-0.05,0.1,0.0008,0.0036,-0.318,-0.0551,-0.1315,-0.1059,190,242,203,0.8282
Shay Ciezki,PHO,2026-09-27,700,469.5,479,0.84,-0.03,-0.86,0.16,4.04,0.3,-0.12,-1.22,-0.36,0.0014,-0.0057,4.8054,-1.2535,0.5895,0.3876,91,395,203,0.8282
DeLisha Milton-Jones,ATL,2026-09-27,700,113.6,50781,-0.06,-0.04,0.02,0.06,0.03,-0.04,0.0,-0.07,-0.22,0.0005,0.0002,0.0302,-0.0689,-0.071,0.2416,181,253,205,0.8282
Nyara Sabally,TOR,2026-09-27,700,3748.6,5875,-0.64,-0.04,0.6,-1.92,-0.52,0.59,0.37,-0.43,1.71,-0.0163,0.017,-0.6131,-0.4408,1.148,-1.8656,349,96,205,0.8282
Devereaux Peters,PHO,2026-09-27,700,131.3,9307,-0.11,-0.04,0.07,-0.2,-0.07,-0.05,0.17,-0.86,0.69,-0.0017,0.0078,-0.0889,-0.8915,-0.1033,-0.7475,204,230,205,0.8282
Anna Cruz,MIN,2026-09-27,700,85.9,5882,-0.16,-0.05,0.11,-0.38,0.18,-0.07,0.11,0.13,0.05,-0.0032,0.0052,0.214,0.1375,-0.1327,-0.0574,232,207,208,0.8282
Amy Okonkwo,POR,2026-09-27,700,595.2,796,0.79,-0.05,-0.84,0.08,0.59,0.51,-0.58,1.67,-2.11,0.0007,-0.0268,0.7079,1.7245,0.9885,2.2998,97,391,208,0.8282
Kathleen Doyle,IND,2026-09-27,700,68.5,620,-0.11,-0.05,0.06,0.0,-0.91,0.06,-0.15,0.37,0.01,0.0,-0.0068,-1.0887,0.382,0.1208,-0.0139,204,233,208,0.8282
Teja Oblak,POR,2026-09-27,700,1353.7,1469,-0.94,-0.06,0.88,-2.19,-1.32,0.46,0.65,0.87,2.12,-0.0186,0.0298,-1.571,0.8974,0.8913,-2.3131,391,75,211,0.8282
Kara Braxton,NYL,2026-09-27,700,61.2,18315,-0.07,-0.06,0.01,-0.0,-0.44,0.0,0.04,-0.03,0.12,-0.0,0.0017,-0.519,-0.0278,0.0031,-0.1348,186,257,211,0.8282
Marissa Coleman,NYL,2026-09-27,700,367.6,24565,-0.14,-0.06,0.08,-0.16,-0.07,-0.06,0.09,0.18,-0.62,-0.0014,0.0042,-0.0832,0.1808,-0.1109,0.6747,223,225,211,0.8282
Kelly Faris,CON,2026-09-27,700,79.4,4956,-0.12,-0.06,0.06,-0.27,0.25,0.04,0.15,0.22,-0.43,-0.0023,0.0067,0.297,0.2228,0.0869,0.4661,212,233,211,0.8282
Iziane Castro Marques,CON,2026-09-27,700,56.7,25094,-0.11,-0.06,0.06,-0.15,-0.06,-0.0,0.11,0.05,-0.08,-0.0013,0.0049,-0.0768,0.0538,-0.0014,0.0826,204,233,211,0.8282
Mai Yamamoto,LVA,2026-09-27,700,880.5,906,1.03,-0.06,-1.09,3.45,0.89,-0.58,-0.09,2.21,-1.98,0.0294,-0.004,1.0586,2.2785,-1.1284,2.1595,84,410,211,0.8282
Lexie Brown,SEA,2026-09-27,700,3330.5,12577,-0.22,-0.07,0.14,1.93,0.33,-0.67,-0.1,-0.39,0.52,0.0164,-0.0044,0.3912,-0.3984,-1.2994,-0.5617,256,194,217,0.8282
Avery Warley-Talbert,LVA,2026-09-27,700,70.4,5360,-0.12,-0.07,0.04,-0.33,-0.42,0.14,-0.0,-0.15,-0.12,-0.0028,-0.0002,-0.5014,-0.1528,0.2619,0.133,212,245,217,0.8282
Jamierra Faulkner,CHI,2026-09-27,700,210.0,8064,0.01,-0.08,-0.09,0.12,0.59,0.1,0.05,-0.34,-0.45,0.001,0.0025,0.6969,-0.3485,0.2012,0.4879,160,290,219,0.8282
Lynetta Kizer,MIN,2026-09-27,700,169.9,8852,-0.09,-0.08,0.01,-0.35,-0.07,0.16,0.13,-0.41,0.06,-0.003,0.0061,-0.0892,-0.4201,0.3042,-0.0654,194,257,219,0.8282
Angel Robinson,PHO,2026-09-27,700,83.1,1885,0.01,-0.08,-0.09,0.16,-0.31,0.04,-0.03,-0.56,-0.06,0.0014,-0.0012,-0.3705,-0.5764,0.083,0.0666,160,290,219,0.8282
Arella Guirantes,SEA,2026-09-27,700,248.0,1380,-0.14,-0.08,0.06,0.28,1.26,-0.06,-0.38,-0.05,-1.22,0.0024,-0.0174,1.4969,-0.0468,-0.1229,1.3272,223,233,219,0.8282
Imani McGee-Stafford,DAL,2026-09-27,700,276.3,6454,-0.31,-0.09,0.21,-0.67,-1.05,0.49,0.28,0.61,0.04,-0.0057,0.0128,-1.2461,0.6248,0.9551,-0.0484,280,175,223,0.8282
Rayah Marshall,CON,2026-09-27,700,376.3,518,-0.81,-0.09,0.71,-1.42,-1.5,0.94,0.78,0.47,1.09,-0.0121,0.0358,-1.7909,0.488,1.8269,-1.1892,381,87,223,0.8282
Stefanie Dolson,SEA,2026-09-27,700,7724.9,33673,-0.78,-0.09,0.7,0.29,-0.61,-0.54,0.53,-1.76,2.59,0.0025,0.0244,-0.7215,-1.8157,-1.0379,-2.8175,372,88,223,0.8282
Temeka Johnson,LAS,2026-09-27,700,149.4,28923,-0.06,-0.09,-0.03,0.11,0.3,-0.11,-0.06,-0.35,-0.39,0.0009,-0.0028,0.3559,-0.3586,-0.2043,0.4228,181,271,223,0.8282
Kadi Sissoko,PHO,2026-09-27,700,428.0,1348,-0.49,-0.1,0.39,-0.6,0.45,-0.11,0.47,0.36,-0.42,-0.0051,0.0216,0.5383,0.3736,-0.2136,0.4558,321,127,227,0.8282
Crystal Dangerfield,LAS,2026-09-27,700,3193.7,13017,-1.56,-0.1,1.46,-1.95,0.86,-0.16,0.18,0.9,0.13,-0.0166,0.0082,1.029,0.9254,-0.3091,-0.1424,429,38,227,0.8282
Sonja Petrovic,PHO,2026-09-27,700,52.9,3431,-0.04,-0.1,-0.06,0.09,-0.31,0.01,-0.2,0.58,-0.83,0.0008,-0.0092,-0.3715,0.6007,0.0126,0.9012,176,281,227,0.8282
Michelle Snow,LAS,2026-09-27,700,70.0,32671,-0.14,-0.1,0.04,-0.08,-0.39,-0.02,0.1,0.19,-0.02,-0.0007,0.0044,-0.4681,0.1925,-0.0442,0.0265,223,245,227,0.8282
Erika de Souza,LVA,2026-09-27,700,265.1,28612,-0.23,-0.1,0.12,-0.55,-0.49,0.06,-0.11,0.34,-0.52,-0.0047,-0.0051,-0.5802,0.3538,0.1151,0.5715,260,204,227,0.8282
Charde Houston,NYL,2026-09-27,700,62.8,14638,-0.1,-0.1,0.0,0.01,-0.12,-0.03,-0.02,0.1,-0.47,0.0001,-0.0007,-0.1477,0.1001,-0.0493,0.5088,199,264,227,0.8282
Erlana Larkins,MIN,2026-09-27,700,301.6,18173,0.0,-0.1,-0.1,-0.14,0.08,-0.01,-0.28,0.1,-0.8,-0.0012,-0.0128,0.0924,0.1016,-0.0133,0.8752,163,295,227,0.8282
Aaliyah Nye,LAS,2026-09-27,700,1921.8,2872,-0.43,-0.11,0.32,0.13,0.19,0.55,0.09,0.03,-0.69,0.0011,0.0041,0.229,0.0359,1.0655,0.7535,307,144,234,0.8282
Sabrina Ionescu,NYL,2026-09-27,700,11361.8,25329,1.73,-0.11,-1.84,0.23,1.37,-0.62,-0.56,-0.84,-1.38,0.002,-0.026,1.6308,-0.8688,-1.2003,1.5028,54,441,234,0.8282
Noelle Quinn,SEA,2026-09-27,700,273.5,28009,-0.32,-0.11,0.21,0.06,0.02,-0.13,0.44,-0.02,0.4,0.0005,0.0203,0.0211,-0.0242,-0.259,-0.4338,283,175,234,0.8282
Victaria Saxton,IND,2026-09-27,700,103.0,289,-0.66,-0.11,0.55,-0.82,-1.5,0.03,0.43,1.91,-0.47,-0.007,0.0197,-1.7803,1.973,0.0624,0.5095,354,106,234,0.8282
Aari McDonald,MIN,2026-09-27,700,4169.9,12014,-1.44,-0.12,1.31,-0.81,1.06,-0.21,-0.17,0.86,-0.95,-0.0069,-0.0077,1.2565,0.8828,-0.4094,1.0358,421,45,238,0.8282
Sophia Young-Malcolm,LVA,2026-09-27,700,162.1,33451,-0.14,-0.12,0.01,-0.18,0.59,-0.15,-0.06,-0.29,-0.27,-0.0015,-0.0029,0.698,-0.2972,-0.2861,0.293,223,257,238,0.8282
Laura Juskaite,TOR,2026-09-27,700,3913.2,4203,3.65,-0.12,-3.77,3.25,1.1,-0.22,-0.55,0.11,-1.19,0.0277,-0.0252,1.3081,0.1087,-0.4215,1.299,14,468,238,0.8282
Stella Johnson,WAS,2026-09-27,700,57.9,488,0.06,-0.12,-0.17,0.06,-0.14,0.19,-0.59,-0.08,-0.96,0.0005,-0.0274,-0.1683,-0.0803,0.3694,1.0479,149,313,238,0.8282
Alexis Hornbuckle,PHO,2026-09-27,700,50.8,13456,-0.15,-0.13,0.02,-0.31,-0.15,0.04,-0.03,0.27,-0.32,-0.0026,-0.0015,-0.1829,0.2808,0.0812,0.3491,230,253,242,0.8282
Mamignan Touré,CON,2026-09-27,700,386.1,574,-0.37,-0.13,0.24,-0.58,0.77,-0.11,-0.57,1.37,-0.95,-0.0049,-0.0264,0.9201,1.4176,-0.2052,1.0335,292,163,242,0.8282
Myisha Hines-Allen,IND,2026-09-27,700,7406.0,19172,-0.19,-0.13,0.06,0.15,-0.17,-0.14,0.03,-0.26,1.28,0.0013,0.0013,-0.207,-0.2642,-0.2708,-1.39,245,233,242,0.8282
Brianna Kiesel,ATL,2026-09-27,700,59.9,2982,-0.09,-0.13,-0.04,-0.23,0.35,0.01,-0.08,-0.1,-0.18,-0.002,-0.0037,0.4169,-0.1005,0.0104,0.199,194,274,242,0.8282
Carolyn Swords,LVA,2026-09-27,700,464.3,11897,-0.35,-0.14,0.22,-1.2,0.1,0.32,0.05,-1.28,1.47,-0.0102,0.0022,0.1248,-1.3232,0.6242,-1.5964,287,168,246,0.8282
Te-Hina Paopao,ATL,2026-09-27,700,3304.6,4380,0.89,-0.14,-1.03,1.32,0.5,-0.7,-0.32,-1.83,0.8,0.0112,-0.0149,0.5952,-1.8891,-1.3491,-0.8732,89,406,246,0.8282
Markeisha Gatling,SEA,2026-09-27,700,59.7,3387,-0.11,-0.15,-0.05,0.07,-0.56,-0.06,-0.01,-0.5,0.14,0.0006,-0.0004,-0.6616,-0.515,-0.1094,-0.1492,204,277,248,0.8282
Brooke McCarty-Williams,DAL,2026-09-27,700,121.9,1651,-0.41,-0.15,0.26,-0.6,-0.21,-0.1,0.45,0.61,-0.07,-0.0051,0.0209,-0.2469,0.6343,-0.1854,0.0716,304,157,248,0.8282
Danielle Adams,CON,2026-09-27,700,125.6,12490,-0.12,-0.15,-0.03,-0.32,0.42,0.02,0.04,-0.51,-0.03,-0.0027,0.0017,0.5011,-0.5294,0.0328,0.037,212,271,248,0.8282
Asia (AD) Durr,ATL,2026-09-27,700,1006.0,5186,-0.81,-0.15,0.66,-0.25,0.16,-0.15,0.1,0.25,0.03,-0.0021,0.0044,0.1911,0.2548,-0.2984,-0.0292,381,90,248,0.8282
Chloe Bibby,MIN,2026-09-27,700,859.5,1102,-0.61,-0.16,0.46,0.14,0.64,-0.43,-0.26,1.58,0.23,0.0012,-0.0118,0.7637,1.6302,-0.8257,-0.2461,340,119,252,0.8282
Jeanette Pohlen-Mavunga,IND,2026-09-27,700,99.2,7341,-0.19,-0.16,0.03,-0.35,-0.09,-0.02,-0.0,-0.14,-0.58,-0.003,-0.0001,-0.109,-0.1427,-0.0369,0.629,245,251,252,0.8282
Kahleah Copper,PHO,2026-09-27,700,11880.3,34860,2.73,-0.17,-2.9,2.33,0.38,-0.66,-0.47,-1.53,0.21,0.0198,-0.0218,0.4553,-1.5761,-1.2791,-0.2321,30,463,254,0.8282
Mercedes Russell,IND,2026-09-27,700,3462.6,13868,-2.39,-0.17,2.22,-0.68,-0.61,-0.66,0.44,0.27,1.1,-0.0058,0.0204,-0.7295,0.274,-1.2872,-1.1987,461,13,254,0.8282
Sam Thomas,PHO,2026-09-27,700,119.3,542,-0.36,-0.17,0.19,-0.41,0.85,-0.06,-0.35,1.31,-0.69,-0.0035,-0.0163,1.0075,1.3481,-0.1176,0.7505,290,183,254,0.8282
Alexis Jones,ATL,2026-09-27,700,169.7,2877,-0.41,-0.17,0.24,-0.47,-0.54,0.03,0.06,0.61,-0.79,-0.004,0.0029,-0.6437,0.6266,0.0536,0.855,304,163,254,0.8282
Tiffany Jackson,LAS,2026-09-27,700,80.3,15570,-0.27,-0.18,0.09,-0.28,-0.75,-0.03,0.08,0.36,-0.35,-0.0024,0.0035,-0.8897,0.3687,-0.0645,0.3858,273,221,258,0.8282
Saniya Chong,DAL,2026-09-27,700,58.1,1591,-0.12,-0.19,-0.06,-0.08,-0.16,0.05,-0.2,0.5,-0.68,-0.0007,-0.0093,-0.1847,0.5168,0.1012,0.7422,212,281,259,0.8282
Arike Ogunbowale,DAL,2026-09-27,700,13106.2,33647,1.58,-0.2,-1.78,-0.78,0.48,0.46,-0.39,0.03,-0.43,-0.0066,-0.0178,0.5755,0.0351,0.8819,0.4726,62,437,260,0.8282
Kayla Pedersen,CON,2026-09-27,700,125.9,11002,-0.24,-0.2,0.04,-0.34,-0.18,0.03,-0.1,0.94,-1.12,-0.0029,-0.0048,-0.2177,0.9698,0.0559,1.2181,263,245,260,0.8282
Aneika Morello,ATL,2026-09-27,700,94.1,8004,-0.2,-0.2,-0.0,-0.19,-0.94,0.04,-0.03,-0.36,-0.12,-0.0016,-0.0013,-1.1151,-0.3749,0.0678,0.132,248,264,260,0.8282
Taylor Soule,MIN,2026-09-27,700,72.0,225,-0.54,-0.2,0.35,-0.32,-1.99,-0.1,0.2,0.24,1.62,-0.0027,0.0091,-2.3635,0.2487,-0.1866,-1.7646,326,138,260,0.8282
Erica McCall,WAS,2026-09-27,700,454.4,5462,-0.15,-0.2,-0.05,-0.41,-0.97,0.61,0.03,-0.23,0.26,-0.0035,0.0016,-1.1573,-0.2334,1.1907,-0.2845,230,277,260,0.8282
Maggie Lucas,DAL,2026-09-27,700,60.9,3337,-0.12,-0.2,-0.09,-0.04,-0.22,-0.04,-0.11,-0.14,-0.7,-0.0003,-0.005,-0.2595,-0.1419,-0.0861,0.7649,212,290,260,0.8282
Georgia Amoore,WAS,2026-09-27,700,3493.7,3751,1.61,-0.21,-1.82,0.96,1.96,-0.13,-0.47,-1.33,-0.19,0.0082,-0.0218,2.3306,-1.3716,-0.2556,0.2095,61,439,266,0.8282
Jordan Hooper,CHI,2026-09-27,700,144.9,7154,-0.11,-0.21,-0.1,-0.13,0.3,-0.0,-0.16,-0.4,-0.88,-0.0011,-0.0076,0.3614,-0.4122,-0.0047,0.955,204,295,266,0.8282
Jenna O'Hea,SEA,2026-09-27,700,110.5,8935,-0.22,-0.21,0.01,-0.13,-0.05,-0.15,0.09,-0.18,-0.06,-0.0011,0.0042,-0.0582,-0.1845,-0.2961,0.0685,256,257,266,0.8282
Karima Christmas-Kelly,MIN,2026-09-27,700,436.5,20509,-0.06,-0.22,-0.16,-0.56,0.48,0.23,-0.0,0.08,-0.75,-0.0048,-0.0,0.5734,0.0776,0.4418,0.8185,181,310,269,0.8282
Morgan Tuck,SEA,2026-09-27,700,332.4,6804,-0.24,-0.25,-0.01,-0.02,0.08,0.03,0.23,-0.22,0.4,-0.0002,0.0105,0.0979,-0.2304,0.064,-0.4365,263,269,270,0.8282
Roneeka Hodges,ATL,2026-09-27,700,117.7,21816,-0.17,-0.25,-0.08,-0.18,-0.17,-0.03,-0.11,0.03,-0.61,-0.0015,-0.0052,-0.2032,0.036,-0.0639,0.6656,237,287,270,0.8282
Paris Kea,NYL,2026-09-27,700,91.3,900,-0.29,-0.25,0.04,-0.09,-0.09,-0.16,-0.08,-1.44,0.91,-0.0008,-0.0037,-0.1114,-1.4856,-0.3089,-0.9871,274,245,270,0.8282
Ramu Tokashiki,SEA,2026-09-27,700,135.1,5448,-0.22,-0.26,-0.04,-0.15,-0.28,-0.1,0.07,0.28,-0.09,-0.0013,0.0032,-0.3283,0.2932,-0.2018,0.1028,256,274,273,0.8282
Jayne Appel Marinelli,LVA,2026-09-27,700,191.0,15794,-0.36,-0.27,0.09,-0.67,0.3,-0.2,0.2,-0.62,0.42,-0.0057,0.0091,0.3603,-0.6377,-0.3903,-0.4538,290,221,274,0.8282
Erica Wheeler,LAS,2026-09-27,700,10602.4,34016,0.39,-0.27,-0.66,0.87,0.95,-0.27,-0.16,0.63,-0.86,0.0074,-0.0074,1.127,0.6549,-0.5147,0.9363,117,376,274,0.8282
Kara Dunn,PHO,2026-09-27,700,318.9,323,0.34,-0.28,-0.62,2.54,-1.59,-0.05,0.25,-1.88,1.23,0.0216,0.0116,-1.8897,-1.9374,-0.1043,-1.3433,123,374,276,0.8282
Blake Dietrick,ATL,2026-09-27,700,361.1,3622,-0.51,-0.29,0.22,-0.93,0.14,0.05,0.19,0.06,-0.02,-0.0079,0.0086,0.1645,0.0575,0.1062,0.0221,323,168,277,0.8282
Leaonna Odom,NYL,2026-09-27,700,315.9,2579,-0.43,-0.3,0.13,0.39,-0.52,-0.14,0.05,-0.49,0.86,0.0033,0.0022,-0.6141,-0.5007,-0.2782,-0.938,307,199,278,0.8282
Lauren Cox,CON,2026-09-27,700,258.4,1894,-0.83,-0.3,0.52,-0.96,-0.85,-0.14,0.36,-1.15,1.21,-0.0082,0.0166,-1.0075,-1.1846,-0.2721,-1.3171,384,111,278,0.8282
Mariella Fasoula,TOR,2026-09-27,700,51.0,58,0.05,-0.31,-0.36,-0.13,0.12,0.16,-0.58,0.92,-1.15,-0.0011,-0.0266,0.1456,0.9441,0.3164,1.2541,151,341,280,0.8282
Matee Ajavon,ATL,2026-09-27,700,186.3,21185,-0.35,-0.31,0.05,-0.82,-0.17,0.22,0.05,0.2,-0.47,-0.007,0.0025,-0.2051,0.2058,0.423,0.507,287,242,280,0.8282
Tayler Hill,DAL,2026-09-27,700,259.4,10577,-0.16,-0.31,-0.15,-0.8,0.07,0.15,-0.1,0.1,-0.78,-0.0068,-0.0044,0.0788,0.1073,0.3001,0.8539,232,306,280,0.8282
Stephanie Jones,CON,2026-09-27,700,71.9,437,-0.45,-0.33,0.11,-1.12,-0.34,0.22,0.44,-0.42,1.06,-0.0095,0.0202,-0.4084,-0.4331,0.4331,-1.149,311,207,283,0.8282
Reshanda Gray,PHO,2026-09-27,700,573.9,6397,-0.5,-0.33,0.17,-0.31,-1.41,0.29,0.08,0.16,-0.52,-0.0026,0.0038,-1.6739,0.1688,0.5644,0.5701,322,188,283,0.8282
Te'a Cooper,LAS,2026-09-27,700,558.6,4041,-1.29,-0.33,0.95,-1.12,-0.45,-0.36,0.03,2.27,-0.59,-0.0095,0.0013,-0.5392,2.346,-0.6964,0.6436,412,70,283,0.8282
Natalie Achonwa,MIN,2026-09-27,700,1087.1,14262,-0.24,-0.33,-0.09,-0.21,0.06,-0.21,-0.14,-0.23,0.68,-0.0018,-0.0065,0.0705,-0.2371,-0.41,-0.7379,263,290,283,0.8282
Krystal Thomas,WAS,2026-09-27,700,216.7,10505,-0.06,-0.34,-0.28,-0.25,-0.82,0.22,0.05,-1.2,0.6,-0.0021,0.0021,-0.9764,-1.2369,0.4284,-0.6547,181,330,287,0.8282
Nia Coffey,MIN,2026-09-27,700,7424.4,19373,-2.01,-0.35,1.66,-0.22,-0.52,-0.19,0.41,-0.04,1.4,-0.0019,0.0191,-0.6236,-0.0382,-0.3754,-1.519,449,29,288,0.8282
Jazmon Gwathmey,IND,2026-09-27,700,119.3,3524,-0.29,-0.35,-0.05,-0.56,0.2,-0.03,0.07,-0.36,-0.02,-0.0048,0.0034,0.243,-0.3709,-0.0657,0.0234,274,277,288,0.8282
Kiki Rice,TOR,2026-09-27,700,2721.3,2906,2.31,-0.36,-2.67,0.39,0.64,1.0,-0.73,-0.43,-0.74,0.0033,-0.0335,0.7618,-0.4405,1.9383,0.8082,38,461,290,0.8282
Cierra Burdick,SEA,2026-09-27,700,79.4,1602,-0.41,-0.36,0.04,-0.66,-0.15,0.0,-0.18,0.25,-0.61,-0.0056,-0.0085,-0.1771,0.2566,0.0008,0.6652,304,245,290,0.8282
Marquesha Davis,CHI,2026-09-27,700,259.3,494,-0.78,-0.36,0.42,0.82,-2.4,-0.01,0.44,1.07,-0.94,0.007,0.0204,-2.8562,1.1058,-0.0243,1.025,372,123,290,0.8282
Essence Carson,CON,2026-09-27,700,624.8,26969,-0.58,-0.37,0.21,-0.42,0.23,-0.31,0.08,-0.13,0.05,-0.0036,0.0035,0.2741,-0.1363,-0.5982,-0.0597,332,175,293,0.8282
Jennifer Lacy,LAS,2026-09-27,700,96.3,17203,-0.18,-0.37,-0.19,-0.14,-0.13,-0.1,-0.31,-0.05,-1.18,-0.0012,-0.0141,-0.1506,-0.0509,-0.1933,1.2829,244,316,293,0.8282
Beatrice Mompremier,ATL,2026-09-27,700,385.7,2443,-0.68,-0.38,0.31,-1.05,-0.76,0.2,0.02,-0.84,0.45,-0.0089,0.0011,-0.9051,-0.8633,0.3802,-0.493,357,147,295,0.8282
Liatu King,MIN,2026-09-27,700,709.5,940,0.1,-0.38,-0.48,2.19,-3.15,0.4,-0.39,-0.64,-0.42,0.0186,-0.0178,-3.755,-0.664,0.7696,0.4538,142,357,295,0.8282
Kristine Anigwe,CON,2026-09-27,700,407.9,2953,-0.39,-0.38,0.01,0.0,-0.37,0.37,-0.29,0.72,-1.28,0.0,-0.0133,-0.4453,0.7434,0.7081,1.3965,297,257,295,0.8282
Eliska Hamzova,MIN,2026-09-27,700,369.2,399,0.63,-0.39,-1.02,3.08,-0.76,-0.23,0.07,-3.35,1.14,0.0262,0.0034,-0.9046,-3.4598,-0.4438,-1.2404,104,405,298,0.8282
Rae Burrell,LAS,2026-09-27,700,7421.6,10753,2.13,-0.41,-2.54,2.13,0.54,0.03,-0.41,-0.55,-0.54,0.0181,-0.019,0.6406,-0.5656,0.0537,0.5841,44,460,299,0.8282
Amanda Zahui B,IND,2026-09-27,700,1321.5,13090,-1.95,-0.41,1.54,-1.19,-1.47,-0.42,0.69,0.64,1.66,-0.0101,0.0316,-1.7494,0.6569,-0.8114,-1.8098,446,33,299,0.8282
Alex Montgomery,CHI,2026-09-27,700,246.9,13127,-0.63,-0.42,0.21,-0.93,-0.29,0.02,0.44,-0.25,0.64,-0.0079,0.0204,-0.3393,-0.2574,0.0322,-0.6935,346,175,301,0.8282
Monique Currie,WAS,2026-09-27,700,427.3,35391,-0.25,-0.42,-0.18,-0.32,0.39,-0.01,0.02,-0.07,-0.75,-0.0027,0.0007,0.461,-0.0718,-0.0188,0.8197,266,315,301,0.8282
Shekinna Stricklen,ATL,2026-09-27,700,940.5,22729,-0.39,-0.43,-0.05,-0.8,0.42,-0.05,0.0,-0.57,-0.19,-0.0068,0.0001,0.5031,-0.5911,-0.0951,0.2099,297,277,303,0.8282
JiSu Park,LVA,2026-09-27,700,269.7,3200,-0.61,-0.43,0.18,-0.75,-0.05,-0.05,0.43,-1.97,2.08,-0.0064,0.0197,-0.062,-2.0336,-0.0901,-2.2695,340,187,303,0.8282
Madi Williams,PHO,2026-09-27,700,59.1,180,-0.2,-0.44,-0.24,0.22,-0.71,0.06,-0.61,0.32,-0.06,0.0019,-0.0281,-0.8447,0.3352,0.1087,0.0694,248,325,305,0.8282
Chiney Ogwumike,LAS,2026-09-27,700,1211.9,15273,-0.71,-0.45,0.25,-1.3,-0.71,0.37,-0.08,1.23,-0.62,-0.0111,-0.0037,-0.8426,1.268,0.7124,0.6799,364,161,306,0.8282
Rickea Jackson,CHI,2026-09-27,700,5222.2,9221,-0.3,-0.45,-0.14,-0.38,0.15,-0.28,-0.09,0.04,-0.69,-0.0032,-0.0041,0.1752,0.0389,-0.5407,0.7544,277,304,306,0.8282
Aaliyah Wilson,IND,2026-09-27,700,74.6,474,-0.26,-0.47,-0.22,-0.29,-0.06,-0.11,-0.49,0.39,-1.85,-0.0025,-0.0227,-0.067,0.405,-0.2107,2.0167,269,321,308,0.8282
Kysre Gondrezick,CHI,2026-09-27,700,134.6,782,-0.54,-0.47,0.06,-0.23,-1.13,-0.01,0.07,0.64,-0.16,-0.002,0.0034,-1.3484,0.6567,-0.0166,0.1737,326,233,308,0.8282
Olivia Époupa,MIN,2026-09-27,700,180.1,409,-0.69,-0.47,0.22,-0.51,-0.92,-0.06,-0.32,2.58,-2.86,-0.0043,-0.0146,-1.0945,2.6584,-0.1085,3.1172,360,168,308,0.8282
Sha Carter,PHO,2026-09-27,700,281.3,314,0.05,-0.48,-0.53,-0.41,1.56,0.05,-0.35,-0.41,-1.13,-0.0035,-0.0162,1.857,-0.4269,0.0941,1.2264,151,366,311,0.8282
Aisha Sheppard,LVA,2026-09-27,700,162.5,773,-0.12,-0.49,-0.38,-0.05,1.04,-0.07,-0.63,-0.9,-1.5,-0.0004,-0.0289,1.2435,-0.9252,-0.1366,1.6335,212,344,312,0.8282
Kylee Shook,NYL,2026-09-27,700,458.2,3378,-0.87,-0.51,0.36,-0.86,0.04,-0.55,0.75,-0.73,1.83,-0.0073,0.0344,0.0438,-0.7542,-1.0609,-1.9963,386,135,313,0.8282
Rebekah Gardner,NYL,2026-09-27,700,4417.5,7861,-0.17,-0.51,-0.34,0.7,-0.53,-0.06,-0.01,-0.2,0.01,0.006,-0.0005,-0.6312,-0.2073,-0.1208,-0.0074,237,339,313,0.8282
Nia Clouden,LAS,2026-09-27,700,287.1,1250,-0.77,-0.54,0.22,-0.13,-1.05,-0.18,0.03,1.65,-1.9,-0.0011,0.0014,-1.2495,1.697,-0.3448,2.0668,371,168,315,0.8282
Nika Mühl,SEA,2026-09-27,700,111.3,243,-0.26,-0.55,-0.29,-0.6,1.45,0.21,0.07,0.83,-2.28,-0.0051,0.0034,1.73,0.8521,0.416,2.4862,269,332,316,0.8282
Cappie Pondexter,IND,2026-09-27,700,511.8,48419,-0.2,-0.56,-0.35,-0.38,1.0,-0.18,-0.02,-0.79,-0.55,-0.0032,-0.0009,1.1897,-0.8163,-0.3451,0.5956,248,340,317,0.8282
Marie Gülich,LAS,2026-09-27,700,180.3,2346,-0.45,-0.57,-0.12,-0.38,-1.24,0.01,-0.18,-0.93,-0.28,-0.0032,-0.0085,-1.4816,-0.9617,0.0208,0.3003,311,299,318,0.8282
Kierstan Bell,LVA,2026-09-27,700,2746.6,5039,-1.17,-0.58,0.59,-0.42,0.08,-0.33,0.65,-0.29,1.27,-0.0036,0.0301,0.0993,-0.3032,-0.6309,-1.3849,406,97,319,0.8282
Aneesah Morrow,TOR,2026-09-27,700,3992.0,5193,0.81,-0.58,-1.39,-1.17,0.74,1.74,-0.24,1.38,-1.04,-0.01,-0.011,0.8776,1.427,3.3654,1.131,95,423,319,0.8282
Courtney Paris,SEA,2026-09-27,700,355.1,17412,-0.29,-0.59,-0.3,-0.56,-0.39,0.22,0.02,-2.04,0.51,-0.0048,0.0009,-0.4588,-2.1058,0.4201,-0.5529,274,334,321,0.8282
Raven Johnson,IND,2026-09-27,700,1615.8,1756,0.16,-0.6,-0.76,0.14,-0.38,0.03,-0.35,-0.44,-0.33,0.0012,-0.0159,-0.4572,-0.4537,0.0598,0.3645,138,386,322,0.8282
Aminata Gueye,GSV,2026-09-27,700,52.0,52,-0.17,-0.6,-0.43,-0.4,0.19,-0.22,-1.1,0.01,-1.38,-0.0034,-0.0507,0.2264,0.0145,-0.4352,1.5037,237,350,322,0.8282
Sevgi Uzun,CHI,2026-09-27,700,2518.3,4839,-0.65,-0.61,0.04,0.9,-0.15,-0.21,-0.15,1.03,-1.55,0.0077,-0.0067,-0.1844,1.0603,-0.4003,1.6926,352,245,324,0.8282
Lindsay Allen,CON,2026-09-27,700,4216.6,14543,-1.12,-0.62,0.5,-1.66,1.42,0.07,0.04,-0.9,0.2,-0.0141,0.0017,1.6867,-0.9271,0.1422,-0.2197,404,114,325,0.8282
Riquna Williams,LVA,2026-09-27,700,1436.7,21015,-0.59,-0.62,-0.03,-1.2,1.66,-0.02,-0.16,-0.35,-0.07,-0.0102,-0.0072,1.9818,-0.3651,-0.0301,0.0802,337,271,325,0.8282
Alex Bentley,ATL,2026-09-27,700,643.7,20803,-0.44,-0.64,-0.21,-0.89,1.17,0.27,-0.09,-0.42,-1.41,-0.0076,-0.0043,1.3884,-0.4299,0.5187,1.5305,310,319,327,0.8282
Cyesha Goree,WAS,2026-09-27,700,154.9,486,-0.38,-0.64,-0.26,-1.68,1.03,0.21,-0.7,-0.17,-1.61,-0.0143,-0.0324,1.2231,-0.1763,0.4045,1.7527,294,327,327,0.8282
Linnae Harper,WAS,2026-09-27,700,119.1,890,-0.23,-0.64,-0.42,-0.52,0.09,0.29,-0.54,0.22,-2.09,-0.0044,-0.0247,0.1033,0.2272,0.5583,2.2776,260,349,327,0.8282
Rori Harmon,WAS,2026-09-27,700,249.5,281,-1.0,-0.65,0.35,-0.6,-0.56,-0.26,0.47,1.7,0.24,-0.0051,0.0215,-0.6649,1.7555,-0.5094,-0.2625,399,138,330,0.8282
Tamera Young,LVA,2026-09-27,700,685.2,30914,-0.78,-0.66,0.12,-1.79,0.39,0.56,0.06,-0.24,-0.24,-0.0152,0.0028,0.4675,-0.2465,1.0774,0.2642,372,204,331,0.8282
Marine Johannès,NYL,2026-09-27,700,6468.8,12858,0.63,-0.66,-1.29,1.57,0.1,-0.41,-0.09,-0.43,-0.71,0.0134,-0.0041,0.1143,-0.4448,-0.7939,0.7679,104,421,331,0.8282
Cameron Brink,LAS,2026-09-27,700,3467.7,4679,-0.94,-0.67,0.27,0.43,-1.68,0.36,0.37,1.02,0.92,0.0037,0.0171,-1.9972,1.0543,0.7061,-0.9987,391,155,333,0.8282
Kianna Smith,LAS,2026-09-27,700,99.6,448,-0.12,-0.68,-0.57,-0.7,0.52,0.03,-0.74,-1.14,-1.39,-0.006,-0.0342,0.6185,-1.1754,0.0525,1.5132,212,370,334,0.8282
Gianna Kneepkens,CON,2026-09-27,700,1357.7,1449,-0.57,-0.69,-0.13,-1.07,0.49,0.27,-0.4,1.76,-1.79,-0.0091,-0.0185,0.5819,1.812,0.5212,1.9483,331,302,335,0.8282
Serena Sundell,DAL,2026-09-27,700,57.6,85,-0.43,-0.7,-0.27,-1.26,-0.57,0.06,-0.33,-1.44,0.14,-0.0107,-0.015,-0.6799,-1.4862,0.1159,-0.148,307,329,336,0.8282
Grace VanSlooten,IND,2026-09-27,700,331.6,366,0.03,-0.76,-0.8,1.84,-0.51,-0.53,-0.71,0.79,-1.46,0.0157,-0.0326,-0.6066,0.8145,-1.0298,1.5937,155,388,337,0.8282
Stephanie Soares,DAL,2026-09-27,700,315.8,726,-0.52,-0.77,-0.25,0.2,-1.1,-0.18,-0.06,-1.05,-0.25,0.0017,-0.0029,-1.3114,-1.085,-0.34,0.2685,324,326,338,0.8282
Tina Charles,CON,2026-09-27,700,7117.7,55492,-0.14,-0.78,-0.64,-0.4,0.13,-0.45,-0.1,-1.46,1.49,-0.0034,-0.0045,0.1547,-1.5057,-0.868,-1.6239,223,375,339,0.8282
Glory Johnson,ATL,2026-09-27,700,714.6,22472,-0.34,-0.78,-0.43,-0.67,-0.2,0.28,-0.06,-0.13,-0.41,-0.0057,-0.0028,-0.2418,-0.1368,0.5336,0.4474,286,350,339,0.8282
Diamond DeShields,CHI,2026-09-27,700,2487.0,16763,-1.38,-0.79,0.59,-0.85,-0.21,-0.16,0.03,0.96,0.39,-0.0072,0.0016,-0.246,0.9943,-0.3018,-0.4257,419,97,341,0.8282
Jasmine Dickey,DAL,2026-09-27,700,197.8,764,-0.72,-0.8,-0.08,-1.3,0.54,0.04,-0.67,1.02,-2.99,-0.0111,-0.0307,0.6376,1.0489,0.0795,3.2558,365,287,342,0.8282
Kamiah Smalls,POR,2026-09-27,700,186.8,694,-0.37,-0.8,-0.43,-0.21,-0.16,-0.18,-0.83,-0.31,-0.55,-0.0018,-0.0381,-0.1959,-0.3171,-0.3423,0.6006,292,350,342,0.8282
Destanni Henderson,ATL,2026-09-27,700,965.2,3660,-0.84,-0.82,0.02,-0.33,-0.53,-0.07,-0.33,1.34,-1.76,-0.0028,-0.0151,-0.6362,1.3814,-0.141,1.9156,385,253,344,0.8282
Ashley Joens,PHO,2026-09-27,700,175.8,541,-0.33,-0.85,-0.52,-1.02,0.19,0.11,-1.01,-1.08,-1.18,-0.0087,-0.0464,0.2291,-1.1161,0.2087,1.2804,285,364,345,0.8282
Sydney Wiese,WAS,2026-09-27,700,710.2,7098,-0.48,-0.85,-0.38,-0.35,0.33,-0.05,-0.37,0.21,-0.95,-0.003,-0.0169,0.3892,0.2154,-0.1031,1.0302,320,344,345,0.8282
Emma Cechova,MIN,2026-09-27,700,202.2,232,-0.25,-0.85,-0.6,-0.19,-0.44,-0.28,-0.75,-0.3,-2.11,-0.0016,-0.0345,-0.5191,-0.3113,-0.5465,2.2996,266,372,345,0.8282
Emily Engstler,POR,2026-09-27,700,6581.3,10792,1.5,-0.87,-2.37,0.54,0.62,0.55,-0.35,-0.92,-0.4,0.0046,-0.0163,0.7325,-0.9506,1.0731,0.4393,63,455,348,0.8282
Emese Hof,MIN,2026-09-27,700,79.8,91,-0.64,-0.87,-0.23,-1.4,-1.98,-0.07,0.27,-1.67,1.13,-0.0119,0.0123,-2.3513,-1.7248,-0.1331,-1.2313,349,323,348,0.8282
Monique Billings,IND,2026-09-27,700,7702.7,21169,-0.87,-0.88,-0.01,-1.79,-0.37,0.56,0.1,-0.23,1.22,-0.0152,0.0044,-0.4357,-0.2412,1.077,-1.3334,386,269,350,0.8282
Nikolina Milic,TOR,2026-09-27,700,1138.3,3688,-0.08,-0.91,-0.82,0.93,-0.46,-0.51,-0.19,-2.04,1.52,0.0079,-0.0086,-0.5498,-2.1016,-0.9856,-1.6563,190,389,351,0.8282
Yvonne Turner,SEA,2026-09-27,700,675.8,7023,-0.69,-0.91,-0.23,-0.61,0.02,0.18,-0.46,0.6,-1.13,-0.0052,-0.021,0.0288,0.6179,0.3442,1.233,360,323,351,0.8282
Alex Fowler,NYL,2026-09-27,700,108.7,124,-0.17,-0.91,-0.74,-0.29,0.43,-0.25,-0.78,-1.39,-0.33,-0.0025,-0.036,0.5083,-1.4307,-0.4773,0.3557,237,385,351,0.8282
Saylor Poffenbarger,PHO,2026-09-27,700,185.6,198,-0.72,-0.94,-0.22,-1.07,-1.89,0.27,-0.34,2.24,-1.07,-0.0091,-0.0158,-2.2462,2.3144,0.5186,1.1639,365,321,354,0.8282
Juste Jocyte,GSV,2026-09-27,700,486.3,518,-0.82,-0.96,-0.15,-0.4,-0.09,0.12,0.0,-0.01,0.49,-0.0034,0.0,-0.1058,-0.011,0.2303,-0.5355,383,306,355,0.8282
Tima Pouye,TOR,2026-09-27,700,644.5,705,0.55,-0.96,-1.51,1.14,0.08,0.29,-0.31,-1.57,0.4,0.0097,-0.0145,0.0915,-1.6197,0.5672,-0.4303,111,428,355,0.8282
Gabriela Jaquez,CHI,2026-09-27,700,2757.1,2978,0.26,-0.97,-1.23,0.07,0.9,-0.03,-0.39,-0.62,-0.68,0.0006,-0.0179,1.0759,-0.6424,-0.0669,0.7359,126,415,357,0.8282
Cayla George,LVA,2026-09-27,700,479.1,5194,-0.39,-0.98,-0.59,-0.22,0.38,0.03,-0.69,-0.31,-1.47,-0.0019,-0.032,0.4512,-0.32,0.0563,1.5984,297,371,358,0.8282
Alicia Florez Getino,WAS,2026-09-27,700,1554.3,1672,-0.58,-0.99,-0.41,-1.26,1.14,1.19,-0.1,0.99,-0.89,-0.0107,-0.0047,1.3526,1.02,2.304,0.9721,332,347,359,0.8282
Kelsey Bone,LVA,2026-09-27,700,239.1,12192,-0.68,-1.0,-0.31,-1.15,-0.78,0.01,-0.35,-0.71,-0.39,-0.0098,-0.016,-0.9336,-0.7335,0.0097,0.4216,357,335,360,0.8282
Ashten Prechtel,GSV,2026-09-27,700,159.5,167,-0.96,-1.0,-0.04,-0.58,-3.8,-0.27,0.48,0.95,0.52,-0.0049,0.022,-4.5275,0.9773,-0.527,-0.5685,395,274,360,0.8282
Kariata Diaby,CON,2026-09-27,700,281.2,452,-0.13,-1.01,-0.88,2.04,-1.17,-0.27,-1.33,2.23,-3.02,0.0174,-0.0613,-1.393,2.2994,-0.5137,3.2835,219,397,362,0.8282
Crystal Bradford,LVA,2026-09-27,700,329.8,2382,-0.03,-1.01,-0.98,-1.03,0.67,0.5,-0.78,0.48,-2.55,-0.0088,-0.0358,0.7966,0.5003,0.9652,2.7739,172,401,362,0.8282
DiJonai Carrington,CHI,2026-09-27,700,5649.2,13089,-2.23,-1.02,1.21,-1.39,-0.67,0.33,-0.22,1.65,-1.43,-0.0118,-0.0101,-0.7916,1.6999,0.645,1.5607,456,50,364,0.8282
Alaina Coates,LVA,2026-09-27,700,313.7,3298,-0.7,-1.05,-0.36,-1.27,-0.63,0.43,-0.11,-0.55,-0.66,-0.0108,-0.0049,-0.7551,-0.5659,0.8277,0.7206,362,341,365,0.8282
Sania Feagin,LAS,2026-09-27,700,252.3,373,-0.1,-1.05,-0.95,0.47,0.78,0.03,-0.94,-2.71,-0.66,0.004,-0.0432,0.9274,-2.7965,0.0589,0.7185,199,400,365,0.8282
Taina Mair,SEA,2026-09-27,700,209.2,220,-0.59,-1.07,-0.48,-1.75,0.4,0.65,-0.73,0.37,-2.69,-0.0149,-0.0338,0.4754,0.3776,1.2655,2.9331,337,357,367,0.8282
Queen Egbo,LVA,2026-09-27,700,1213.3,4685,-1.31,-1.08,0.23,-1.22,-1.51,0.22,0.16,0.66,1.13,-0.0104,0.0072,-1.7958,0.6779,0.4189,-1.2252,415,165,368,0.8282
Morgan Bertsch,DAL,2026-09-27,700,670.0,1980,-1.19,-1.09,0.1,-0.34,-1.4,0.03,0.31,-0.54,1.57,-0.0029,0.0143,-1.6642,-0.56,0.0579,-1.706,409,214,369,0.8282
Cassandre Prosper,WAS,2026-09-27,700,1256.9,1378,-1.2,-1.09,0.11,-2.6,0.95,0.89,0.19,0.67,0.56,-0.0221,0.0088,1.1322,0.6902,1.7212,-0.6049,410,207,369,0.8282
Alexa Held,PHO,2026-09-27,700,3542.2,4425,-1.75,-1.09,0.65,-1.27,-0.24,0.47,0.31,2.03,-0.87,-0.0108,0.0143,-0.2808,2.0927,0.9188,0.9486,434,92,369,0.8282
Madina Okot,ATL,2026-09-27,700,1398.4,1510,-0.61,-1.1,-0.5,-1.86,-2.06,1.14,0.29,-0.67,2.38,-0.0158,0.0132,-2.451,-0.6957,2.2124,-2.5948,340,363,372,0.8282
Kitija Laksa,DAL,2026-09-27,700,1864.9,2777,-1.34,-1.12,0.22,-1.26,0.47,-0.23,0.2,-0.9,0.61,-0.0107,0.0092,0.5586,-0.9292,-0.4531,-0.6588,416,168,373,0.8282
Alex Wilson,WAS,2026-09-27,700,194.4,223,-1.3,-1.14,0.16,-3.03,-0.26,0.37,0.58,-0.52,0.48,-0.0258,0.0265,-0.3082,-0.5368,0.7261,-0.5199,413,192,374,0.8282
Charlisse Leger-Walker,CON,2026-09-27,700,3689.7,3971,2.37,-1.15,-3.52,2.51,0.96,-0.44,-1.06,-1.61,-1.64,0.0214,-0.0489,1.1421,-1.6611,-0.8598,1.7854,35,467,375,0.8282
Kaela Davis,CHI,2026-09-27,700,479.0,6631,-0.47,-1.15,-0.68,-0.09,-0.38,0.0,-0.08,0.21,-1.78,-0.0008,-0.0039,-0.4488,0.2116,0.0018,1.9343,315,378,375,0.8282
Bernadett Határ,CON,2026-09-27,700,125.3,607,-0.76,-1.17,-0.41,-1.95,-1.69,0.29,-0.61,-0.36,-0.89,-0.0166,-0.0279,-2.015,-0.3743,0.5688,0.9694,369,347,377,0.8282
Alissa Pili,LAS,2026-09-27,700,643.6,1102,-2.1,-1.17,0.92,-1.97,-0.68,0.49,0.26,1.14,0.23,-0.0168,0.0121,-0.8108,1.172,0.9437,-0.2455,451,72,377,0.8282
Jasmine Walker,LAS,2026-09-27,700,266.1,1264,-0.7,-1.18,-0.47,-1.95,1.07,0.11,0.14,-1.03,-0.61,-0.0166,0.0063,1.2766,-1.0639,0.22,0.6651,362,354,379,0.8282
Amy Atwell,PHO,2026-09-27,700,141.6,381,-0.3,-1.19,-0.89,0.02,-1.12,0.14,-0.31,-3.04,0.05,0.0002,-0.0141,-1.3328,-3.1369,0.2703,-0.0571,277,398,380,0.8282
Mikiah Herbert Harrigan,PHO,2026-09-27,700,741.4,2360,-1.11,-1.19,-0.08,-1.55,-0.2,0.5,0.41,-1.25,-0.19,-0.0132,0.0191,-0.2428,-1.2886,0.9773,0.2067,403,287,380,0.8282
Damiris Dantas,IND,2026-09-27,700,3119.8,19142,-0.52,-1.21,-0.69,-0.29,-1.0,0.13,-0.28,-0.67,-0.2,-0.0025,-0.0128,-1.1963,-0.6927,0.2492,0.2145,324,379,382,0.8282
Maria Conde,TOR,2026-09-27,700,3288.6,3590,2.92,-1.22,-4.14,3.69,0.29,-0.94,-0.8,-0.61,-1.5,0.0314,-0.0368,0.3437,-0.634,-1.8217,1.6337,25,470,383,0.8282
Kiah Stokes,GSV,2026-09-27,700,7677.7,26719,-3.86,-1.25,2.6,-3.24,0.07,-0.65,0.57,-1.33,3.25,-0.0276,0.0263,0.0842,-1.3719,-1.2538,-3.5379,469,9,384,0.8282
Azurá Stevens,CHI,2026-09-27,700,9024.9,22864,0.2,-1.28,-1.48,0.18,-0.83,-0.2,-0.02,-1.85,1.13,0.0015,-0.001,-0.9902,-1.9109,-0.3923,-1.232,136,425,385,0.8282
Tianna Hawkins,WAS,2026-09-27,700,2183.3,17579,-0.8,-1.29,-0.49,-0.78,-0.53,0.0,-0.42,0.14,-0.39,-0.0066,-0.0194,-0.6306,0.1439,0.002,0.4247,379,361,386,0.8282
Brianna Turner,LVA,2026-09-27,700,6148.3,20037,-1.94,-1.3,0.65,-0.35,-0.51,-1.09,0.24,0.49,0.26,-0.003,0.0111,-0.6057,0.501,-2.1161,-0.2876,445,92,387,0.8282
Kyara Linskens,PHO,2026-09-27,700,770.1,889,-1.54,-1.31,0.23,-2.95,-0.2,-0.05,0.72,-0.21,1.81,-0.0251,0.0331,-0.2366,-0.2125,-0.0999,-1.9703,428,165,388,0.8282
Ivana Dojkic,NYL,2026-09-27,700,1001.2,2773,-0.58,-1.31,-0.73,1.63,0.76,-1.07,-0.88,0.38,-1.88,0.0139,-0.0407,0.9053,0.395,-2.0796,2.0445,332,383,388,0.8282
Jazmine Jones,WAS,2026-09-27,700,516.8,3851,-0.96,-1.32,-0.36,0.14,-0.47,-0.14,-0.31,-0.11,-0.78,0.0012,-0.0142,-0.5547,-0.1117,-0.2751,0.8457,395,341,390,0.8282
Jessica Breland,IND,2026-09-27,700,956.5,21240,-0.87,-1.33,-0.45,-1.45,-0.24,-0.11,0.03,-1.94,2.24,-0.0123,0.0012,-0.29,-1.9967,-0.2225,-2.4413,386,353,391,0.8282
Julie Vanloo,NYL,2026-09-27,700,2996.3,5572,-1.17,-1.33,-0.17,0.22,0.47,-0.92,-0.31,1.63,-1.17,0.0019,-0.0145,0.5646,1.6773,-1.7779,1.2776,406,313,391,0.8282
Zaay Green,TOR,2026-09-27,700,267.8,272,-0.64,-1.35,-0.71,-1.14,-1.22,0.31,0.84,-2.67,3.19,-0.0097,0.0387,-1.4531,-2.7587,0.6074,-3.4735,349,380,393,0.8282
Haley Peters,CON,2026-09-27,700,957.8,3873,-1.48,-1.37,0.12,-1.62,-0.48,0.1,-0.12,2.96,-2.08,-0.0138,-0.0056,-0.5686,3.0488,0.1951,2.2605,424,204,394,0.8282
Luisa Geiselsöder,POR,2026-09-27,700,2628.3,3581,-0.54,-1.38,-0.84,-1.19,-0.01,0.15,-0.16,0.42,-0.14,-0.0101,-0.0074,-0.0123,0.4364,0.2966,0.1472,326,391,395,0.8282
Crystal Langhorne,SEA,2026-09-27,700,669.3,37943,-1.04,-1.38,-0.33,-0.62,-0.96,-0.36,0.15,-0.92,0.14,-0.0053,0.0069,-1.1368,-0.952,-0.6923,-0.1522,400,337,395,0.8282
Charli Collier,DAL,2026-09-27,700,259.8,1602,-0.79,-1.39,-0.6,-2.0,-0.91,0.07,0.07,-1.9,1.07,-0.017,0.0033,-1.089,-1.9623,0.1351,-1.1642,376,372,397,0.8282
Bria Hartley,CON,2026-09-27,700,2870.7,18990,-0.58,-1.4,-0.82,-0.78,0.57,0.29,-0.21,-0.48,-0.37,-0.0066,-0.0099,0.6744,-0.4941,0.5669,0.4014,332,389,398,0.8282
Kamilla Cardoso,CHI,2026-09-27,700,8168.6,11611,0.63,-1.41,-2.04,-0.82,-0.88,0.78,-0.09,-3.02,2.93,-0.007,-0.004,-1.0478,-3.1146,1.5164,-3.189,104,446,399,0.8282
Kristy Wallace,IND,2026-09-27,700,2152.4,6956,-1.84,-1.44,0.4,-0.4,-0.58,-0.0,0.21,-0.75,0.72,-0.0034,0.0098,-0.6959,-0.7762,-0.0021,-0.7855,439,126,400,0.8282
Bria Holmes,LVA,2026-09-27,700,636.8,10004,-0.95,-1.47,-0.52,-2.07,0.45,0.51,-0.57,0.29,-1.96,-0.0176,-0.0263,0.5363,0.2967,0.9884,2.1363,393,364,401,0.8282
Theresa Plaisance,LVA,2026-09-27,700,1009.7,11270,-1.12,-1.51,-0.39,-1.69,0.41,0.18,0.04,-0.54,0.67,-0.0144,0.0019,0.4876,-0.5621,0.3436,-0.7285,404,346,402,0.8282
Ta'Niya Latson,LVA,2026-09-27,700,389.1,418,-0.47,-1.52,-1.05,-1.88,1.2,0.36,-0.32,-0.33,-1.26,-0.016,-0.0146,1.4281,-0.3382,0.6884,1.3696,315,408,403,0.8282
Kaleena Mosqueda-Lewis,CON,2026-09-27,700,369.4,7596,-1.05,-1.52,-0.47,-1.23,-0.75,-0.13,-0.17,-1.48,0.33,-0.0105,-0.0077,-0.8973,-1.5258,-0.2457,-0.3588,401,354,403,0.8282
Candice Dupree,ATL,2026-09-27,700,1446.8,56331,-0.55,-1.54,-1.0,-0.98,0.3,-0.53,0.03,-1.62,0.65,-0.0083,0.0016,0.3627,-1.6753,-1.0232,-0.7033,330,404,405,0.8282
Isobel Borlase,ATL,2026-09-27,700,2123.3,2274,2.3,-1.55,-3.85,2.73,0.73,-0.34,-1.09,-0.79,-1.68,0.0232,-0.0503,0.8681,-0.8103,-0.6583,1.8255,39,469,406,0.8282
Nadia Fingall,GSV,2026-09-27,700,115.5,121,-1.5,-1.56,-0.06,-1.4,-5.07,-0.19,0.94,-2.76,3.51,-0.0119,0.0432,-6.0379,-2.8465,-0.3615,-3.8177,426,281,407,0.8282
Leigha Brown,CON,2026-09-27,700,162.3,511,-0.87,-1.6,-0.73,-1.23,0.4,-0.12,-0.37,-0.14,-2.46,-0.0105,-0.017,0.4741,-0.1461,-0.2398,2.6755,386,383,408,0.8282
Maddy Westbeld,PHO,2026-09-27,700,1446.4,1938,-0.13,-1.6,-1.48,-0.25,1.0,0.2,-0.68,-0.96,-0.78,-0.0021,-0.0311,1.1852,-0.9855,0.3912,0.8504,219,425,408,0.8282
Morgan Maly,CHI,2026-09-27,700,289.9,292,-0.4,-1.63,-1.23,0.42,0.4,-1.06,-0.64,0.25,-0.31,0.0036,-0.0293,0.4802,0.2617,-2.0554,0.3343,301,415,410,0.8282
Murjanatu Musa,PHO,2026-09-27,700,306.1,490,-0.65,-1.64,-0.99,-1.07,-0.18,0.49,-1.78,1.1,-3.38,-0.0091,-0.0822,-0.2158,1.1389,0.9408,3.6793,352,402,411,0.8282
Jantel Lavender,SEA,2026-09-27,700,1152.9,25818,-1.75,-1.65,0.1,-2.08,-0.49,-0.16,0.08,-0.63,1.31,-0.0177,0.0036,-0.5887,-0.6548,-0.3002,-1.429,434,214,412,0.8282
Christyn Williams,DAL,2026-09-27,700,169.9,229,-0.8,-1.66,-0.86,-1.79,2.41,-0.03,-1.34,-2.9,1.15,-0.0152,-0.0619,2.869,-2.9935,-0.0493,-1.2509,379,395,413,0.8282
Elizabeth Kitley,LVA,2026-09-27,700,234.9,377,-0.78,-1.67,-0.89,0.21,-2.83,-0.4,-0.74,-2.64,-1.21,0.0018,-0.0343,-3.3657,-2.7189,-0.7704,1.3227,372,398,414,0.8282
Emma Cannon,LAS,2026-09-27,700,2026.4,7090,-1.6,-1.67,-0.07,0.54,-1.23,-0.05,0.33,-0.43,0.72,0.0046,0.0151,-1.463,-0.4471,-0.0928,-0.7862,432,286,414,0.8282
Frieda Buhner,POR,2026-09-27,700,2137.1,2296,1.42,-1.68,-3.09,2.85,-1.59,0.31,-0.54,-2.05,-2.26,0.0243,-0.025,-1.8895,-2.1124,0.6099,2.4567,70,464,416,0.8282
DiDi Richards,WAS,2026-09-27,700,689.3,2829,-2.01,-1.76,0.25,-2.28,-0.93,-0.05,-0.27,0.47,0.07,-0.0194,-0.0125,-1.1082,0.4898,-0.096,-0.0793,449,161,417,0.8282
Lorela Cubaj,ATL,2026-09-27,700,502.2,1285,-1.92,-1.81,0.11,-3.63,-1.23,0.61,-0.15,-1.05,-0.43,-0.0309,-0.0068,-1.4669,-1.0867,1.1759,0.4713,443,207,418,0.8282
Lucy Olsen,WAS,2026-09-27,700,1817.2,2564,-0.63,-1.83,-1.2,0.87,1.77,-0.57,-0.55,-0.83,-1.38,0.0074,-0.0255,2.1015,-0.8581,-1.0947,1.505,346,412,419,0.8282
Isabelle Harrison,TOR,2026-09-27,700,6154.2,19568,-1.36,-1.84,-0.48,-0.79,-0.68,0.01,0.26,-0.89,0.88,-0.0067,0.0121,-0.8146,-0.9223,0.0289,-0.9635,418,357,420,0.8282
Astou Ndour-Fall,CON,2026-09-27,700,639.0,6628,-1.51,-1.84,-0.33,-2.16,-0.28,0.22,-0.07,-0.61,0.05,-0.0184,-0.0034,-0.3367,-0.6264,0.4227,-0.0549,427,337,420,0.8282
Sug Sutton,DAL,2026-09-27,700,5546.5,10994,-1.86,-1.86,0.0,-0.82,0.71,-0.55,-0.06,-0.02,-0.23,-0.007,-0.0028,0.8495,-0.0225,-1.0628,0.255,441,264,422,0.8282
Miela Sowah,GSV,2026-09-27,700,86.3,91,-1.76,-1.86,-0.1,-2.87,-4.06,-0.1,0.29,-1.28,0.17,-0.0244,0.0132,-4.8362,-1.3173,-0.1868,-0.1848,437,295,422,0.8282
Rachel Banham,CHI,2026-09-27,700,7367.1,20373,-1.79,-1.88,-0.09,-0.45,0.23,-0.45,0.0,-0.21,-0.5,-0.0038,0.0001,0.2773,-0.2116,-0.8785,0.5484,438,290,424,0.8282
Liz Dixon,PHO,2026-09-27,700,362.2,921,-1.44,-1.93,-0.49,-3.67,-1.89,0.98,-0.46,-0.6,0.9,-0.0312,-0.021,-2.2497,-0.6157,1.9067,-0.9772,421,361,425,0.8282
Holly Winterburn,POR,2026-09-27,700,1231.7,1306,-0.9,-1.93,-1.03,-0.63,-1.87,-0.29,0.05,-0.88,2.04,-0.0054,0.0025,-2.2286,-0.9084,-0.5573,-2.2244,390,406,425,0.8282
Justine Pissott,LVA,2026-09-27,700,328.8,348,0.24,-1.94,-2.18,1.94,-0.1,-0.21,-0.97,-2.95,-0.43,0.0165,-0.0449,-0.1214,-3.0414,-0.4052,0.4718,129,450,427,0.8282
Haley Jones,DAL,2026-09-27,700,3709.8,7621,-2.1,-1.96,0.14,-0.69,0.24,-0.7,0.18,-0.84,2.27,-0.0059,0.0082,0.2799,-0.8644,-1.3609,-2.4743,451,194,428,0.8282
Victoria Vivians,SEA,2026-09-27,700,2987.0,14380,-1.84,-1.98,-0.14,-1.93,0.51,0.01,-0.21,0.55,-0.91,-0.0164,-0.0095,0.6102,0.5718,0.0125,0.988,439,304,429,0.8282
Dominique Malonga,SEA,2026-09-27,700,4915.5,6000,0.43,-2.1,-2.53,0.66,-0.38,0.21,-0.33,-2.13,0.94,0.0056,-0.0152,-0.4469,-2.199,0.4031,-1.0211,115,459,430,0.8282
Jordan Horston,SEA,2026-09-27,700,4851.0,9064,-2.48,-2.11,0.37,-1.75,0.07,-0.09,-0.15,-0.08,0.23,-0.0149,-0.0067,0.089,-0.0784,-0.1671,-0.25,462,131,431,0.8282
Jocelyn Willoughby,NYL,2026-09-27,700,514.4,2786,-2.13,-2.13,0.0,-2.06,-1.78,-0.11,-0.04,0.34,-0.45,-0.0175,-0.002,-2.1215,0.3531,-0.2181,0.4904,453,264,432,0.8282
Nyadiew Puoch,POR,2026-09-27,700,2653.3,2861,0.02,-2.18,-2.2,-1.39,0.99,0.12,-0.43,-0.94,-0.38,-0.0118,-0.0198,1.1759,-0.9673,0.2353,0.4172,158,452,433,0.8282
Kayla Alexander,TOR,2026-09-27,700,401.7,9320,-0.97,-2.2,-1.23,-2.07,-1.13,0.35,-0.51,-2.45,0.59,-0.0176,-0.0235,-1.3472,-2.5233,0.6809,-0.645,398,415,434,0.8282
Tiffany Mitchell,SEA,2026-09-27,700,4577.9,25171,-2.8,-2.23,0.57,-1.6,0.02,-0.36,0.11,0.65,-0.63,-0.0136,0.0051,0.0218,0.6656,-0.6893,0.6908,464,103,435,0.8282
Jacy Sheldon,CHI,2026-09-27,700,6647.9,9811,-0.74,-2.28,-1.54,1.09,0.26,-0.88,-0.13,-0.38,-0.07,0.0093,-0.0062,0.3138,-0.392,-1.7102,0.076,367,429,436,0.8282
Grace Berger,DAL,2026-09-27,700,1901.0,4070,-1.75,-2.31,-0.56,-1.12,-0.11,-0.46,-0.15,-1.52,0.54,-0.0095,-0.0069,-0.1345,-1.5671,-0.9,-0.5863,434,368,437,0.8282
Lou Lopez Sénéchal,DAL,2026-09-27,700,268.2,601,-1.18,-2.34,-1.17,-1.19,0.17,-0.22,-1.15,-1.0,-4.07,-0.0101,-0.053,0.2075,-1.0325,-0.427,4.4358,408,411,438,0.8282
Tonie Morgan,LAS,2026-09-27,700,766.1,785,-1.3,-2.35,-1.06,-0.73,-0.13,0.02,-0.22,-1.69,-1.28,-0.0062,-0.01,-0.1493,-1.7448,0.0312,1.3925,413,409,439,0.8282
Sydney Colson,IND,2026-09-27,700,2048.8,11413,-3.54,-2.36,1.18,-2.41,-0.42,0.21,-0.03,0.37,-0.95,-0.0205,-0.0015,-0.5009,0.386,0.4139,1.039,468,51,440,0.8282
Jade Melbourne,SEA,2026-09-27,700,7582.1,11292,-3.43,-2.43,1.0,-1.55,-0.69,0.03,0.1,0.97,0.76,-0.0132,0.0044,-0.8205,0.9982,0.0494,-0.8302,467,65,441,0.8282
Jaelyn Brown,CON,2026-09-27,700,598.5,1098,-1.07,-2.47,-1.4,-2.48,1.77,-0.0,-0.24,-0.85,-2.62,-0.0211,-0.0111,2.111,-0.8752,-0.0035,2.8515,402,424,442,0.8282
Teonni Key,TOR,2026-09-27,700,1646.0,1761,-0.35,-2.49,-2.14,-1.49,-0.58,0.58,0.01,0.67,-0.96,-0.0127,0.0005,-0.6872,0.6867,1.1294,1.0464,287,448,443,0.8282
Marta Suarez,PHO,2026-09-27,700,652.9,695,-0.47,-2.5,-2.03,-0.05,-1.74,0.09,-0.56,0.07,-2.3,-0.0004,-0.0256,-2.0763,0.0718,0.1805,2.5086,315,445,444,0.8282
Kate Martin,CHI,2026-09-27,700,2940.1,4775,-0.67,-2.57,-1.9,0.47,0.42,-0.16,-0.26,-2.16,0.38,0.004,-0.0121,0.5045,-2.2243,-0.3142,-0.4169,355,443,445,0.8282
Zia Cooke,SEA,2026-09-27,700,4169.6,6878,-0.79,-2.57,-1.78,-0.22,1.3,0.29,-0.27,0.69,-1.77,-0.0019,-0.0126,1.5432,0.7164,0.567,1.9254,376,437,445,0.8282
Kalani Brown,LVA,2026-09-27,700,2748.6,7511,-1.87,-2.64,-0.76,0.42,-2.22,-0.15,0.04,-1.15,1.47,0.0036,0.0017,-2.6469,-1.1906,-0.2948,-1.5993,442,386,447,0.8282
Stephanie Talbot,LVA,2026-09-27,700,6189.3,17709,-2.13,-2.65,-0.53,-0.29,-0.27,-0.47,-0.09,-0.57,0.53,-0.0025,-0.004,-0.3243,-0.5874,-0.9117,-0.5733,453,366,448,0.8282
NaLyssa Smith,LVA,2026-09-27,700,8989.8,17818,-0.61,-2.67,-2.06,-2.66,-0.69,1.09,-0.07,-2.37,1.69,-0.0226,-0.0033,-0.8267,-2.4425,2.1182,-1.8431,340,447,449,0.8282
Ornella Bankole,TOR,2026-09-27,700,818.2,840,-0.62,-2.81,-2.18,0.2,0.98,-0.25,-0.71,-0.3,-1.31,0.0017,-0.0328,1.1687,-0.3101,-0.4788,1.4311,344,450,450,0.8282
Hailey Van Lith,CON,2026-09-27,700,2209.5,2824,-2.33,-2.81,-0.48,-0.22,-0.94,-0.35,-0.38,1.75,-2.36,-0.0019,-0.0177,-1.1239,1.8084,-0.6818,2.5735,459,357,450,0.8282
Cheyenne Parker,LVA,2026-09-27,700,5180.4,23026,-1.22,-2.86,-1.64,-0.45,-1.2,-0.03,-0.12,-1.55,0.94,-0.0038,-0.0056,-1.4299,-1.5996,-0.053,-1.0249,411,432,452,0.8282
Megan Gustafson,POR,2026-09-27,700,5898.5,11189,1.41,-2.89,-4.3,1.29,-0.3,-0.0,-0.63,-1.53,-0.28,0.011,-0.0292,-0.3572,-1.5776,-0.0017,0.3057,72,471,453,0.8282
Jaylyn Sherrod,SEA,2026-09-27,700,797.1,1073,-1.44,-2.94,-1.49,-0.54,-0.23,-0.51,-1.33,1.77,-4.32,-0.0046,-0.0612,-0.2725,1.8225,-0.9884,4.7054,421,427,454,0.8282
Ashlon Jackson,CON,2026-09-27,700,972.0,1016,-2.31,-3.02,-0.71,-2.71,-0.05,-0.34,0.18,-1.7,1.92,-0.0231,0.0083,-0.0653,-1.7497,-0.668,-2.0876,458,380,455,0.8282
Kiana Williams,TOR,2026-09-27,700,1621.4,2199,-1.4,-3.06,-1.66,-1.54,2.11,-0.24,-0.16,-0.9,-0.93,-0.0131,-0.0073,2.5133,-0.9332,-0.4695,1.0128,420,433,456,0.8282
Joyner Holmes,SEA,2026-09-27,700,1324.4,4396,-2.26,-3.11,-0.85,-2.26,-0.14,0.1,-0.12,-1.08,0.37,-0.0192,-0.0054,-0.1668,-1.11,0.1889,-0.4082,457,394,457,0.8282
Temi Fagbenle,TOR,2026-09-27,700,4588.0,9166,-4.24,-3.16,1.08,-3.31,-2.78,-0.01,0.28,-1.32,2.83,-0.0282,0.0128,-3.3041,-1.3663,-0.0168,-3.0808,471,60,458,0.8282
Aaliyah Edwards,CON,2026-09-27,700,4837.1,7298,-1.95,-3.18,-1.23,-1.16,-1.39,0.89,-0.22,-0.34,-0.47,-0.0099,-0.0103,-1.6574,-0.3482,1.7289,0.509,446,415,459,0.8282
Mackenzie Holmes,SEA,2026-09-27,700,1163.6,1344,-3.07,-3.29,-0.21,-4.1,-1.58,0.33,0.25,0.3,1.3,-0.0349,0.0117,-1.8752,0.3105,0.6341,-1.4176,466,319,460,0.8282
Moriah Jefferson,CHI,2026-09-27,700,2661.1,16181,-1.49,-3.31,-1.82,-1.09,-0.28,-0.04,-0.56,-0.06,-1.21,-0.0093,-0.0256,-0.3288,-0.0582,-0.0736,1.3199,425,439,461,0.8282
Rebecca Allen,NYL,2026-09-27,700,6751.4,19585,-1.58,-3.34,-1.76,-0.27,-0.73,-0.32,-0.25,-0.48,0.46,-0.0023,-0.0116,-0.8733,-0.4984,-0.6285,-0.4981,431,436,462,0.8282
Valeriane Ayayi,PHO,2026-09-27,700,2165.1,2888,-0.45,-3.86,-3.41,0.87,-1.83,0.84,-0.81,-0.96,-0.35,0.0074,-0.0373,-2.175,-0.9898,1.6281,0.3767,311,466,463,0.8282
Saniya Rivers,CON,2026-09-27,700,5720.3,7416,-0.68,-3.98,-3.3,-1.47,2.02,0.34,-0.61,-1.35,-1.21,-0.0125,-0.0281,2.3988,-1.3944,0.6601,1.3151,357,465,464,0.8282
Angela Dugalic,WAS,2026-09-27,700,1137.7,1255,-1.69,-4.06,-2.37,-1.32,-1.96,0.3,-1.53,0.43,-1.9,-0.0112,-0.0704,-2.3355,0.4444,0.5748,2.0693,433,455,465,0.8282
Diamond Miller,CON,2026-09-27,700,5909.4,9331,-2.83,-4.18,-1.34,-2.39,-0.28,0.09,-0.3,0.04,-0.55,-0.0203,-0.014,-0.3331,0.0434,0.17,0.6025,465,422,466,0.8282
Katie Lou Samuelson,SEA,2026-09-27,700,4397.0,12865,-2.37,-4.24,-1.87,-1.96,0.46,-0.37,-0.36,0.1,-0.76,-0.0167,-0.0166,0.5466,0.1025,-0.716,0.83,460,442,467,0.8282
Dorka Juhász,MIN,2026-09-27,700,3258.5,6812,-2.14,-4.35,-2.21,-1.74,-0.74,0.22,-0.25,-0.99,0.24,-0.0148,-0.0117,-0.8774,-1.0253,0.4206,-0.264,455,453,468,0.8282
Kia Nurse,TOR,2026-09-27,700,8191.6,24522,-1.92,-4.71,-2.79,-0.61,-0.61,0.18,-0.25,-1.76,0.18,-0.0052,-0.0114,-0.7311,-1.8178,0.3446,-0.1945,443,462,469,0.8282
Chance Gray,LAS,2026-09-27,700,1795.3,1927,-2.56,-4.81,-2.25,-1.59,-1.15,-0.31,-0.25,-1.07,-1.03,-0.0135,-0.0116,-1.3634,-1.1053,-0.6095,1.1216,463,454,470,0.8282
Dana Evans,LVA,2026-09-27,700,5541.4,12487,-4.05,-5.68,-1.63,-2.54,0.76,-0.64,-0.4,-0.5,-2.06,-0.0216,-0.0183,0.9045,-0.5204,-1.234,2.2382,470,431,471,0.8282
