player_id,name,name_last,name_i
2,Byron Scott,Scott,B. Scott
3,Grant Long,Long,G. Long
7,Dan Schayes,Schayes,D. Schayes
8,Wang Xuemeng,Xuemeng,W. Xuemeng
9,Sedale Threatt,Threatt,S. Threatt
11,Pan Zhenqi,Zhenqi,P. Zhenqi
12,Chris King,King,C. King
15,Eric Piatkowski,Piatkowski,E. Piatkowski
16,Xiao Tong,Tong,X. Tong
17,Clyde Drexler,Drexler,C. Drexler
21,Greg Anthony,Anthony,G. Anthony
22,Rik Smits,Smits,R. Smits
23,Dennis Rodman,Rodman,D. Rodman
24,Keith Jennings,Jennings,K. Jennings
26,Luc Longley,Longley,L. Longley
28,Doug West,West,D. West
29,Jim McIlvaine,McIlvaine,J. McIlvaine
30,Richard Dumas,Dumas,R. Dumas
31,Lorenzo Williams,Williams,L. Williams
32,Clifford Rozier,Rozier,C. Rozier
35,Eric Riley,Riley,E. Riley
36,Sarunas Marciulionis,Marciulionis,S. Marciulionis
37,Greg Graham,Graham,G. Graham
38,Brad Lohaus,Lohaus,B. Lohaus
41,Anthony Bonner,Bonner,A. Bonner
42,Monty Williams,Williams,M. Williams
43,Chris Whitney,Whitney,C. Whitney
45,George McCloud,McCloud,G. McCloud
46,Mike Peplowski,Peplowski,M. Peplowski
47,Wayman Tisdale,Tisdale,W. Tisdale
49,Gheorghe Muresan,Muresan,G. Muresan
51,Mahmoud Abdul-Rauf,Abdul-Rauf,M. Abdul-Rauf
52,Micheal Williams,Williams,M. Williams
53,Mario Elie,Elie,M. Elie
54,Dickey Simpkins,Simpkins,D. Simpkins
55,Marty Conlon,Conlon,M. Conlon
56,Gary Payton,Payton,G. Payton
57,Doug Christie,Christie,D. Christie
61,Carl Herrera,Herrera,C. Herrera
63,Michael Smith,Smith,M. Smith
64,Sam Perkins,Perkins,S. Perkins
65,Greg Minor,Minor,G. Minor
66,Marques Bragg,Bragg,M. Bragg
67,Tom Hammonds,Hammonds,T. Hammonds
70,Steve Kerr,Kerr,S. Kerr
71,Pooh Richardson,Richardson,P. Richardson
72,Kenny Anderson,Anderson,K. Anderson
73,Hot Rod Williams,Williams,H. Williams
74,Derrick Phelps,Phelps,D. Phelps
76,Cedric Ceballos,Ceballos,C. Ceballos
77,Doug Overton,Overton,D. Overton
78,LaSalle Thompson,Thompson,L. Thompson
80,Ken Norman,Norman,K. Norman
81,Jeff Grayer,Grayer,J. Grayer
82,Bill Wennington,Wennington,B. Wennington
84,Latrell Sprewell,Sprewell,L. Sprewell
85,Brent Price,Price,B. Price
87,Dikembe Mutombo,Mutombo,D. Mutombo
88,Steve Scheffler,Scheffler,S. Scheffler
89,Nick Van Exel,Exel,N. Exel
93,Hubert Davis,Davis,H. Davis
95,Mark Bryant,Bryant,M. Bryant
96,Detlef Schrempf,Schrempf,D. Schrempf
97,Ronnie Grandison,Grandison,R. Grandison
98,Nick Anderson,Anderson,N. Anderson
100,Tim Legler,Legler,T. Legler
101,Scott Skiles,Skiles,S. Skiles
103,Todd Day,Day,T. Day
104,Benoit Benjamin,Benjamin,B. Benjamin
105,Dan Majerle,Majerle,D. Majerle
107,Dale Ellis,Ellis,D. Ellis
109,Robert Horry,Horry,R. Horry
111,LaPhonso Ellis,Ellis,L. Ellis
112,Dontonio Wingfield,Wingfield,D. Wingfield
114,Harold Miner,Miner,H. Miner
116,David Wood,Wood,D. Wood
117,Jeff Malone,Malone,J. Malone
120,Steven Smith,Smith,S. Smith
121,Patrick Ewing,Ewing,P. Ewing
122,Fred Roberts,Roberts,F. Roberts
123,Robert Pack,Pack,R. Pack
124,Vlade Divac,Divac,V. Divac
128,David Benoit,Benoit,D. Benoit
129,Dino Radja,Radja,D. Radja
132,Dwayne Morton,Morton,D. Morton
133,David Wesley,Wesley,D. Wesley
134,Kevin Johnson,Johnson,K. Johnson
136,P.J. Brown,Brown,P. Brown
137,Vernon Maxwell,Maxwell,V. Maxwell
138,Anthony Avent,Avent,A. Avent
140,Donald Royal,Royal,D. Royal
141,Anthony Tucker,Tucker,A. Tucker
143,Terry Dehere,Dehere,T. Dehere
145,Tracy Murray,Murray,T. Murray
146,Jud Buechler,Buechler,J. Buechler
147,Jalen Rose,Rose,J. Rose
149,Michael Adams,Adams,M. Adams
154,Adrian Caldwell,Caldwell,A. Caldwell
156,Antoine Carr,Carr,A. Carr
157,Derek Harper,Harper,D. Harper
160,Tim Breaux,Breaux,T. Breaux
164,Chris Childs,Childs,C. Childs
165,Hakeem Olajuwon,Olajuwon,H. Olajuwon
166,Ron Harper,Harper,R. Harper
168,Chris Mills,Mills,C. Mills
170,Joe Kleine,Kleine,J. Kleine
173,Keith Askins,Askins,K. Askins
174,John Battle,Battle,J. Battle
175,Alton Lister,Lister,A. Lister
176,Antonio Harvey,Harvey,A. Harvey
177,Muggsy Bogues,Bogues,M. Bogues
178,Olden Polynice,Polynice,O. Polynice
179,Bryant Stith,Stith,B. Stith
180,John Crotty,Crotty,J. Crotty
181,Kenny Smith,Smith,K. Smith
182,Billy Owens,Owens,B. Owens
183,Bison Dele,Dele,B. Dele
184,Bobby Phills,Phills,B. Phills
185,Chris Webber,Webber,C. Webber
187,Terry Cummings,Cummings,T. Cummings
189,B.J. Tyler,Tyler,B. Tyler
190,Duane Causwell,Causwell,D. Causwell
192,Dennis Scott,Scott,D. Scott
193,Anthony Mason,Mason,A. Mason
194,Anthony Bowie,Bowie,A. Bowie
195,Lee Mayberry,Mayberry,L. Mayberry
197,Scott Burrell,Burrell,S. Burrell
198,Danny Ferry,Ferry,D. Ferry
199,Reggie Williams,Williams,R. Williams
201,Chris Dudley,Dudley,C. Dudley
202,Gary Grant,Grant,G. Grant
203,Nate McMillan,McMillan,N. McMillan
204,Jeff Hornacek,Hornacek,J. Hornacek
208,Sam Cassell,Cassell,S. Cassell
209,Dell Curry,Curry,D. Curry
210,Terrell Brandon,Brandon,T. Brandon
211,Eric Mobley,Mobley,E. Mobley
212,Yinka Dare,Dare,Y. Dare
213,Antonio Davis,Davis,A. Davis
216,Brian Shaw,Shaw,B. Shaw
219,Vinny Del Negro,Negro,V. Negro
221,Clar. Weatherspoon,Weatherspoon,C. Weatherspoon
223,Bill Curley,Curley,B. Curley
224,Eddie Jones,Jones,E. Jones
226,Antonio Lang,Lang,A. Lang
228,Adam Keefe,Keefe,A. Keefe
229,James Edwards,Edwards,J. Edwards
234,Khalid Reeves,Reeves,K. Reeves
236,Kevin Edwards,Edwards,K. Edwards
238,Tyrone Hill,Hill,T. Hill
239,Darrick Martin,Martin,D. Martin
240,Brooks Thompson,Thompson,B. Thompson
241,Darrin Hancock,Hancock,D. Hancock
243,Aaron McKie,McKie,A. McKie
244,Dee Brown,Brown,D. Brown
246,Greg Anderson,Anderson,G. Anderson
247,Joe Dumars,Dumars,J. Dumars
248,George Lynch,Lynch,G. Lynch
251,Sean Elliott,Elliott,S. Elliott
252,Karl Malone,Malone,K. Malone
255,Grant Hill,Hill,G. Hill
258,Brian Grant,Grant,B. Grant
262,Michael Cage,Cage,M. Cage
265,Harvey Grant,Grant,H. Grant
270,Horace Grant,Grant,H. Grant
271,Johnny Newman,Newman,J. Newman
273,Duane Ferrell,Ferrell,D. Ferrell
275,Allan Houston,Houston,A. Houston
278,Stacey Augmon,Augmon,S. Augmon
279,Charles Jones,Jones,C. Jones
280,Felton Spencer,Spencer,F. Spencer
281,Scott Williams,Williams,S. Williams
283,Lindsey Hunter,Hunter,L. Hunter
285,Greg Grant,Grant,G. Grant
287,Eric Leckner,Leckner,E. Leckner
288,Armen Gilliam,Gilliam,A. Gilliam
289,Ledell Eackles,Eackles,L. Eackles
291,Ed Pinckney,Pinckney,E. Pinckney
292,Anthony Miller,Miller,A. Miller
293,Charles Smith,Smith,C. Smith
296,Rick Fox,Fox,R. Fox
297,Alonzo Mourning,Mourning,A. Mourning
299,Glenn Robinson,Robinson,G. Robinson
302,Mookie Blaylock,Blaylock,M. Blaylock
304,John Stockton,Stockton,J. Stockton
305,Robert Parish,Parish,R. Parish
306,Steve Colter,Colter,S. Colter
308,Derrick Alston,Alston,D. Alston
310,Bobby Hurley,Hurley,B. Hurley
313,Vern Fleming,Fleming,V. Fleming
316,Richard Manning,Manning,R. Manning
317,John Starks,Starks,J. Starks
320,Jamie Watson,Watson,J. Watson
321,Scott Haskin,Haskin,S. Haskin
323,Greg Foster,Foster,G. Foster
324,Anthony Peeler,Peeler,A. Peeler
328,Rick Mahorn,Mahorn,R. Mahorn
330,Danny Manning,Manning,D. Manning
333,Kevin Gamble,Gamble,K. Gamble
335,Willie Anderson,Anderson,W. Anderson
339,Tom Gugliotta,Gugliotta,T. Gugliotta
340,Kevin Pritchard,Pritchard,K. Pritchard
341,Joe Wolf,Wolf,J. Wolf
342,Andy Toolson,Toolson,A. Toolson
344,Dana Barros,Barros,D. Barros
345,Terry Porter,Porter,T. Porter
346,Doug Edwards,Edwards,D. Edwards
348,Mitchell Butler,Butler,M. Butler
349,Mark Jackson,Jackson,M. Jackson
351,Stacey King,King,S. King
353,Darrell Armstrong,Armstrong,D. Armstrong
355,Vincent Askew,Askew,V. Askew
356,Chris Morris,Morris,C. Morris
357,Greg Sutton,Sutton,G. Sutton
358,Anfernee Hardaway,Hardaway,A. Hardaway
359,Chucky Brown,Brown,C. Brown
361,Clifford Robinson,Robinson,C. Robinson
363,Christian Laettner,Laettner,C. Laettner
364,Rex Chapman,Chapman,R. Chapman
365,Derrick McKey,McKey,D. McKey
368,Dwayne Schintzius,Schintzius,D. Schintzius
369,Charlie Ward,Ward,C. Ward
371,Terry Mills,Mills,T. Mills
375,Isaiah Rider,Rider,I. Rider
376,Eric Montross,Montross,E. Montross
378,Craig Ehlo,Ehlo,C. Ehlo
380,Tony Smith,Smith,T. Smith
381,James Robinson,Robinson,J. Robinson
383,Kendall Gill,Gill,K. Gill
384,Calbert Cheaney,Cheaney,C. Cheaney
386,Elliot Perry,Perry,E. Perry
389,Toni Kukoc,Kukoc,T. Kukoc
390,Sasha Danilovic,Danilovic,S. Danilovic
393,Rod Strickland,Strickland,R. Strickland
397,Reggie Miller,Miller,R. Miller
399,Sean Rooks,Rooks,S. Rooks
400,Derek Strong,Strong,D. Strong
402,Jon Koncak,Koncak,J. Koncak
404,Kevin Duckworth,Duckworth,K. Duckworth
406,Shaquille O'Neal,O'Neal,S. O'Neal
412,Sharone Wright,Wright,S. Wright
416,Willie Burton,Burton,W. Burton
417,Sam Mitchell,Mitchell,S. Mitchell
418,Scott Brooks,Brooks,S. Brooks
420,Jayson Williams,Williams,J. Williams
422,Avery Johnson,Johnson,A. Johnson
423,Chris Gatling,Gatling,C. Gatling
426,Terry Davis,Davis,T. Davis
428,Sherman Douglas,Douglas,S. Douglas
431,Shawn Kemp,Kemp,S. Kemp
432,Pete Chilcutt,Chilcutt,P. Chilcutt
433,Buck Williams,Williams,B. Williams
434,Tony Dumas,Dumas,T. Dumas
435,Carlos Rogers,Rogers,C. Rogers
436,Juwan Howard,Howard,J. Howard
438,Robert Werdann,Werdann,R. Werdann
440,Zan Tabak,Tabak,Z. Tabak
441,Lamond Murray,Murray,L. Murray
442,Pervis Ellison,Ellison,P. Ellison
445,Wesley Person,Person,W. Person
446,Lucious Harris,Harris,L. Harris
448,Bo Outlaw,Outlaw,B. Outlaw
452,Vin Baker,Baker,V. Baker
456,Chuck Person,Person,C. Person
457,Andrew Lang,Lang,A. Lang
458,Howard Eisley,Eisley,H. Eisley
460,Trevor Ruffin,Ruffin,T. Ruffin
461,Popeye Jones,Jones,P. Jones
462,J.R. Reid,Reid,J. Reid
467,Jason Kidd,Kidd,J. Kidd
468,Jon Barry,Barry,J. Barry
469,Jamal Mashburn,Mashburn,J. Mashburn
470,Doc Rivers,Rivers,D. Rivers
474,Stefano Rusconi,Rusconi,S. Rusconi
475,Doug Smith,Smith,D. Smith
511,Melvin Booker,Booker,M. Booker
518,Timofey Mozgov,Mozgov,T. Mozgov
673,Alan Henderson,Henderson,A. Henderson
676,Thomas Hamilton,Hamilton,T. Hamilton
694,Sam Mack,Mack,S. Mack
700,Keith Tower,Tower,K. Tower
723,Clint McDaniel,McDaniel,C. McDaniel
100003,Lisa Leslie,Leslie,L. Leslie
100008,Tamecka Dixon,Dixon,T. Dixon
100072,Sheryl Swoopes,Swoopes,S. Swoopes
100076,Tina Thompson,Thompson,T. Thompson
100101,Teresa Weatherspoon,Weatherspoon,T. Weatherspoon
100103,Vickie Johnson,Johnson,V. Johnson
100215,Vanessa Nygaard,Nygaard,V. Nygaard
100222,Kristi Harrower,Harrower,K. Harrower
100234,Ticha Penicheiro,Penicheiro,T. Penicheiro
100236,Tangela Smith,Smith,T. Smith
100263,Bill Laimbeer,Laimbeer,B. Laimbeer
100284,Tully Bevilaqua,Bevilaqua,T. Bevilaqua
100342,Becky Hammon,Hammon,B. Hammon
100347,Tamika Whitmore,Whitmore,T. Whitmore
100356,Chamique Holdsclaw,Holdsclaw,C. Holdsclaw
100370,Stephanie White,White,S. White
100384,Dominique Canty,Canty,D. Canty
100396,DeLisha Milton-Jones,Milton-Jones,D. Milton-Jones
100404,Katie Smith,Smith,K. Smith
100410,Shannon Johnson,Johnson,S. Johnson
100412,Taj McWilliams-Franklin,McWilliams-Franklin,T. McWilliams-Franklin
100419,Yolanda Griffith,Griffith,Y. Griffith
100433,Chasity Melvin,Melvin,C. Melvin
100445,Ann Wauters,Wauters,A. Wauters
100457,Helen Darling,Darling,H. Darling
100484,Betty Lennox,Lennox,B. Lennox
100493,Anna DeForge,DeForge,A. DeForge
100494,Barbara Farris,Farris,B. Farris
100533,DeMya Walker,Walker,D. Walker
100556,Nakia Sanford,Sanford,N. Sanford
100627,Kelly Miller,Miller,K. Miller
100628,Tammy Sutton-Brown,Sutton-Brown,T. Sutton-Brown
100631,Cheryl Reeve,Reeve,C. Reeve
100632,Trudi Lacey,Lacey,T. Lacey
100634,Penny Taylor,Taylor,P. Taylor
100639,Deanna Nolan,Nolan,D. Nolan
100646,Tamika Catchings,Catchings,T. Catchings
100648,Kelly Schumacher,Schumacher,K. Schumacher
100651,Kiesha Brown,Brown,K. Brown
100656,Ruth Riley,Riley,R. Riley
100658,Svetlana Abrosimova,Abrosimova,S. Abrosimova
100659,Erin Perperoglou,Perperoglou,E. Perperoglou
100660,Janell Burse,Burse,J. Burse
100666,Katie Douglas,Douglas,K. Douglas
100667,Brooke Wyckoff,Wyckoff,B. Wyckoff
100682,Lauren Jackson,Jackson,L. Jackson
100685,Marie Ferdinand-Harris,Ferdinand-Harris,M. Ferdinand-Harris
100690,Coco Miller,Miller,C. Miller
100696,Belinda Snell,Snell,B. Snell
100720,Sue Bird,Bird,S. Bird
100721,Swin Cash,Cash,S. Cash
100723,Asjha Jones,Jones,A. Jones
100724,Nikki Teasley,Teasley,N. Teasley
100729,Michelle Snow,Snow,M. Snow
100731,Hamchetou Maiga-Ba,Maiga-Ba,H. Maiga-Ba
100796,Iziane Castro Marques,Marques,I. Marques
100812,Erika de Souza,Souza,E. Souza
100834,K.B. Sharp,Sharp,K. Sharp
100835,Erin Thorn,Thorn,E. Thorn
100843,Cheryl Ford,Ford,C. Ford
100874,Kara Lawson,Lawson,K. Lawson
100878,Suzy Batkovic-Brown,Batkovic-Brown,S. Batkovic-Brown
100887,Marion Jones,Jones,M. Jones
100888,Plenette Pierson,Pierson,P. Pierson
100915,Lindsay Whalen,Whalen,L. Whalen
100919,Nicole Powell,Powell,N. Powell
100920,Kelly Mazzante,Mazzante,K. Mazzante
100928,Ebony Hoffman,Hoffman,E. Hoffman
100930,Christi Thomas,Thomas,C. Thomas
100931,Doneeka Lewis,Lewis,D. Lewis
100932,Nicole Ohlde,Ohlde,N. Ohlde
100933,Vanessa Hayden,Hayden,V. Hayden
100937,Shameka Christon,Christon,S. Christon
100940,Diana Taurasi,Taurasi,D. Taurasi
100942,Ashley Robinson,Robinson,A. Robinson
100944,Rebekkah Brunson,Brunson,R. Brunson
100945,Nuria Martinez,Martinez,N. Martinez
100949,Alana Beard,Beard,A. Beard
100952,Jia Perkins,Perkins,J. Perkins
100973,Le'coe Willingham,Willingham,L. Willingham
101018,Edwige Lawson-Wade,Lawson-Wade,E. Lawson-Wade
101019,Janel McCarville,McCarville,J. McCarville
101020,Tan White,White,T. White
101021,Sandora Irvin,Irvin,S. Irvin
101023,Sancho Lyttle,Lyttle,S. Lyttle
101024,Temeka Johnson,Johnson,T. Johnson
101025,Kara Braxton,Braxton,K. Braxton
101026,Katie Mattera,Mattera,K. Mattera
101027,Kristin Haynie,Haynie,K. Haynie
101028,Loree Moore,Moore,L. Moore
101029,Kristen Mann,Mann,K. Mann
101030,Tanisha Wright,Wright,T. Wright
101032,Shyra Ely-Gash,Ely-Gash,S. Ely-Gash
101033,Roneeka Hodges,Hodges,R. Hodges
101039,Erin Phillips,Phillips,E. Phillips
101040,Chelsea Newton,Newton,C. Newton
101042,Jessica Moore,Moore,J. Moore
101047,Ashley Battle,Battle,A. Battle
101049,Cathrine Kraayeveld,Kraayeveld,C. Kraayeveld
101065,Anna Montanana,Montanana,A. Montanana
101075,Chen Nan,Nan,C. Nan
101080,Jennifer Lacy,Lacy,J. Lacy
101084,Laurie Koehn,Koehn,L. Koehn
200665,Cappie Pondexter,Pondexter,C. Pondexter
200671,Seimone Augustus,Augustus,S. Augustus
200673,Monique Currie,Currie,M. Currie
200674,Sophia Young-Malcolm,Young-Malcolm,S. Young-Malcolm
200675,Lisa Willis,Willis,L. Willis
200676,Candice Dupree,Dupree,C. Dupree
200679,La'Tangela Atkinson,Atkinson,L. Atkinson
200681,Barbara Turner,Turner,B. Turner
200682,Sherill Baker,Baker,S. Baker
200684,Scholanda Dorrell,Dorrell,S. Dorrell
200686,Shanna Zolman,Zolman,S. Zolman
200689,Nikki Blue,Blue,N. Blue
200691,Mistie Bass,Bass,M. Bass
200699,Tiffany Stansbury,Stansbury,T. Stansbury
200704,Kerri Gardin,Gardin,K. Gardin
200705,Zane Tamane,Tamane,Z. Tamane
200715,Yelena Leuchanka,Leuchanka,Y. Leuchanka
201046,Lindsey Harding,Harding,L. Harding
201047,Jessica Davenport,Davenport,J. Davenport
201048,Armintie Herrington,Herrington,A. Herrington
201049,Noelle Quinn,Quinn,N. Quinn
201050,Tiffany Jackson,Jackson,T. Jackson
201051,Bernice Mosby,Mosby,B. Mosby
201052,Katie Gearlds,Gearlds,K. Gearlds
201054,Alison Bales,Bales,A. Bales
201056,Ivory Latta,Latta,I. Latta
201058,Sandrine Gruda,Gruda,S. Gruda
201062,Shay Murphy,Murphy,S. Murphy
201067,Camille Little,Little,C. Little
201084,Brooke Smith,Smith,B. Smith
201086,Sidney Spencer,Spencer,S. Spencer
201477,Tamera Young,Young,T. Young
201480,Sylvia Fowles,Fowles,S. Fowles
201483,Amber Holt,Holt,A. Holt
201484,Ketia Swanier,Swanier,K. Swanier
201486,Lauren Ervin,Ervin,L. Ervin
201487,Alexis Hornbuckle,Hornbuckle,A. Hornbuckle
201488,Tasha Humphrey,Humphrey,T. Humphrey
201489,Olayinka Sanni,Sanni,O. Sanni
201490,Natasha Lacy,Lacy,N. Lacy
201492,Matee Ajavon,Ajavon,M. Ajavon
201493,Erica White,White,E. White
201494,Crystal Kelly,Kelly,C. Kelly
201495,Khadijah Whittington,Whittington,K. Whittington
201496,Candace Parker,Parker,C. Parker
201497,Shannon Bobbitt,Bobbitt,S. Bobbitt
201498,Sharnee Zoll-Norman,Zoll-Norman,S. Zoll-Norman
201499,Candice Wiggins,Wiggins,C. Wiggins
201500,Nicky Anosike,Anosike,N. Anosike
201501,Charde Houston,Houston,C. Houston
201502,Essence Carson,Carson,E. Carson
201503,Erlana Larkins,Larkins,E. Larkins
201506,LaToya Sanders,Sanders,L. Sanders
201507,Leilani Mitchell,Mitchell,L. Mitchell
201509,Laura Harper,Harper,L. Harper
201510,A'Quonesia Franklin,Franklin,A. Franklin
201516,Allie Quigley,Quigley,A. Quigley
201518,Crystal Langhorne,Langhorne,C. Langhorne
201530,Sequoia Holmes,Holmes,S. Holmes
201869,Anete Jekabsone-Zogota,Jekabsone-Zogota,A. Jekabsone-Zogota
201881,Angel McCoughtry,McCoughtry,A. McCoughtry
201882,Jessica Adair,Adair,J. Adair
201884,Chante Black,Black,C. Black
201885,Whitney Boddie,Boddie,W. Boddie
201886,DeWanna Bonner,Bonner,D. Bonner
201889,Marissa Coleman,Coleman,M. Coleman
201890,Tenae Davis-Cain,Davis-Cain,T. Davis-Cain
201892,Megan Frazee,Frazee,M. Frazee
201895,Quanitra Hollingsworth,Hollingsworth,Q. Hollingsworth
201896,Briann January,January,B. January
201898,Shalee Lehning,Lehning,S. Lehning
201901,Rashanda McCants,McCants,R. McCants
201902,Britany Miller,Miller,B. Miller
201903,Jelena Milovanovic,Milovanovic,J. Milovanovic
201904,Renee Montgomery,Montgomery,R. Montgomery
201907,Courtney Paris,Paris,C. Paris
201909,Sonja Petrovic,Petrovic,S. Petrovic
201911,Kristi Toliver,Toliver,K. Toliver
201913,Kia Vaughn,Vaughn,K. Vaughn
201914,Ashley Walker,Walker,A. Walker
201917,Christina Wirth,Wirth,C. Wirth
201918,Lindsay Wisdom-Hylton,Wisdom-Hylton,L. Wisdom-Hylton
201919,Shavonte Zellous,Zellous,S. Zellous
201922,Kristi Cirone,Cirone,K. Cirone
202239,Jana Vesela,Vesela,J. Vesela
202249,Abby Bishop,Bishop,A. Bishop
202250,Tina Charles,Charles,T. Charles
202251,Jayne Appel Marinelli,Marinelli,J. Marinelli
202252,Alysha Clark,Clark,A. Clark
202253,Kalana Greene,Greene,K. Greene
202254,Kelsey Griffin,Griffin,K. Griffin
202255,Allison Hightower,Hightower,A. Hightower
202256,Alison Lacey,Lacey,A. Lacey
202257,Monica Wright,Wright,M. Wright
202259,Epiphanny Prince,Prince,E. Prince
202261,Jacinta Monroe,Monroe,J. Monroe
202262,Ashley Houts,Houts,A. Houts
202263,Danielle McCray,McCray,D. McCray
202264,Chanel Mokango,Mokango,C. Mokango
202265,Jene Morris,Morris,J. Morris
202269,Amanda Thompson,Thompson,A. Thompson
202270,Angel Robinson,Robinson,A. Robinson
202276,Gabriela Marginean,Marginean,G. Marginean
202278,Abi Olajuwon,Olajuwon,A. Olajuwon
202280,Alexis Gray-Lawson,Gray-Lawson,A. Gray-Lawson
202283,Brittainey Raven,Raven,B. Raven
202285,Joy Cheek,Cheek,J. Cheek
202314,Michelle Campbell,Campbell,M. Campbell
202315,Andrea Riley,Riley,A. Riley
202316,Taylor Lilley,Lilley,T. Lilley
202318,Ewelina Kobryn,Kobryn,E. Kobryn
202623,Aneika Morello,Morello,A. Morello
202626,Jenna O'Hea,O'Hea,J. O'Hea
202629,Miranda Ayim,Ayim,M. Ayim
202632,Maya Moore,Moore,M. Moore
202633,Liz Cambage,Cambage,L. Cambage
202634,Danielle Adams,Adams,D. Adams
202637,Angie Bjorklund,Bjorklund,A. Bjorklund
202638,Jessica Breland,Breland,J. Breland
202639,Felicia Chester-Wootton,Chester-Wootton,F. Chester-Wootton
202640,Karima Christmas-Kelly,Christmas-Kelly,K. Christmas-Kelly
202641,Sydney Colson,Colson,S. Colson
202643,Victoria Dunlap,Dunlap,V. Dunlap
202644,Amber Harris,Harris,A. Harris
202645,Ify Ibekwe,Ibekwe,I. Ibekwe
202647,Rachel Jarry,Jarry,R. Jarry
202650,Jantel Lavender,Lavender,J. Lavender
202652,Alex Montgomery,Montgomery,A. Montgomery
202653,Kayla Pedersen,Pedersen,K. Pedersen
202654,Porsha Phillips,Phillips,P. Phillips
202655,Ta'Shia Phillips,Phillips,T. Phillips
202656,Jeanette Pohlen-Mavunga,Pohlen-Mavunga,J. Pohlen-Mavunga
202657,Angel Robinson,Robinson,A. Robinson
202658,Danielle Robinson,Robinson,D. Robinson
202662,Jasmine Thomas,Thomas,J. Thomas
202663,Krystal Thomas,Thomas,K. Thomas
202664,Courtney Vandersloot,Vandersloot,C. Vandersloot
202665,Chastity Reed,Reed,C. Reed
202670,Carolyn Swords,Swords,C. Swords
202680,Darxia Morris,Morris,D. Morris
202999,Dawn Evans,Evans,D. Evans
203001,Ziomara Morrison,Morrison,Z. Morrison
203013,Dymond Simon,Simon,D. Simon
203014,Nneka Ogwumike,Ogwumike,N. Ogwumike
203015,Shekinna Stricklen,Stricklen,S. Stricklen
203016,Devereaux Peters,Peters,D. Peters
203017,Glory Johnson,Johnson,G. Johnson
203018,Shenise Johnson,Johnson,S. Johnson
203019,Samantha Prahalis,Prahalis,S. Prahalis
203020,Kelley Cain,Cain,K. Cain
203021,Natalie Novosel,Novosel,N. Novosel
203024,Damiris Dantas,Dantas,D. Dantas
203025,Farhiya Abdi,Abdi,F. Abdi
203026,Tiffany Hayes,Hayes,T. Hayes
203029,Riquna Williams,Williams,R. Williams
203030,Julie Wojta,Wojta,J. Wojta
203033,Chay Shegog,Shegog,C. Shegog
203034,Keisha Hampton,Hampton,K. Hampton
203035,Shey Peddy,Peddy,S. Peddy
203037,Vicki Baugh,Baugh,V. Baugh
203039,Sydney Carter,Carter,S. Carter
203040,April Sykes,Sykes,A. Sykes
203041,Lynetta Kizer,Kizer,L. Kizer
203043,Jacki Gemelos,Gemelos,J. Gemelos
203046,Briana Butler,Butler,B. Butler
203047,Katelan Redmon,Redmon,K. Redmon
203067,Sasha Goodlett,Goodlett,S. Goodlett
203069,Avery Warley-Talbert,Warley-Talbert,A. Warley-Talbert
203070,Cierra Bravard,Bravard,C. Bravard
203389,Yvonne Turner,Turner,Y. Turner
203398,Brittney Griner,Griner,B. Griner
203399,Elena Delle Donne,Donne,E. Donne
203400,Skylar Diggins-Smith,Diggins-Smith,S. Diggins-Smith
203401,Tayler Hill,Hill,T. Hill
203402,Kelsey Bone,Bone,K. Bone
203403,Tianna Hawkins,Hawkins,T. Hawkins
203404,Toni Young,Young,T. Young
203405,Kayla Alexander,Alexander,K. Alexander
203406,Layshia Clarendon,Clarendon,L. Clarendon
203407,A'dia Mathies,Mathies,A. Mathies
203408,Kelly Faris,Faris,K. Faris
203409,Lindsey Moore,Moore,L. Moore
203410,Alex Bentley,Bentley,A. Bentley
203411,Sugar Rodgers,Rodgers,S. Rodgers
203412,Kamiko Williams,Williams,K. Williams
203413,Davellyn Whyte,Whyte,D. Whyte
203414,Nadirah McKenith,McKenith,N. McKenith
203415,Chelsea Poppens,Poppens,C. Poppens
203416,Emma Meesseman,Meesseman,E. Meesseman
203418,Jasmine Hassell,Hassell,J. Hassell
203421,Chucky Jeffery,Jeffery,C. Jeffery
203423,Nikki Greene,Greene,N. Greene
203426,Angel Goodrich,Goodrich,A. Goodrich
203427,Jasmine James,James,J. James
203428,Anne Marie Armstrong,Armstrong,A. Armstrong
203432,Waltiea Rolle,Rolle,W. Rolle
203437,Tierra Ruffin-Pratt,Ruffin-Pratt,T. Ruffin-Pratt
203451,Courtney Clements,Clements,C. Clements
203555,Joslyn Tinkle,Tinkle,J. Tinkle
203563,Chelsea Hopkins,Hopkins,C. Hopkins
203813,Anna Cruz,Cruz,A. Cruz
203814,Nadia Colhado,Colhado,N. Colhado
203820,Celine Dumerc,Dumerc,C. Dumerc
203822,Rebekah Gardner,Gardner,R. Gardner
203823,Chiney Ogwumike,Ogwumike,C. Ogwumike
203824,Odyssey Sims,Sims,O. Sims
203825,Kayla McBride,McBride,K. McBride
203826,Alyssa Thomas,Thomas,A. Thomas
203827,Natasha Howard,Howard,N. Howard
203828,Stefanie Dolson,Dolson,S. Dolson
203829,Bria Hartley,Hartley,B. Hartley
203830,Shoni Schimmel,Schimmel,S. Schimmel
203831,Natalie Achonwa,Achonwa,N. Achonwa
203832,Markeisha Gatling,Gatling,M. Gatling
203833,Chelsea Gray,Gray,C. Gray
203834,Tricia Liston,Liston,T. Liston
203835,Jordan Hooper,Hooper,J. Hooper
203838,Astou Ndour-Fall,Ndour-Fall,A. Ndour-Fall
203839,Tiffany Bias,Bias,T. Bias
203840,Inga Orekhova,Orekhova,I. Orekhova
203843,Maggie Lucas,Lucas,M. Lucas
203844,Gennifer Brandon,Brandon,G. Brandon
203845,Jennifer Hamson,Hamson,J. Hamson
203848,Meighan Simmons,Simmons,M. Simmons
203849,Theresa Plaisance,Plaisance,T. Plaisance
203855,Stephanie Talbot,Talbot,S. Talbot
203857,Jamierra Faulkner,Faulkner,J. Faulkner
203859,Asia Taylor,Taylor,A. Taylor
203863,Haley Peters,Peters,H. Peters
203866,Kayla Thornton,Thornton,K. Thornton
203870,Jasmine Lister,Lister,J. Lister
203874,Heather Butler,Butler,H. Butler
203876,Aaryn Ellenberg,Ellenberg,A. Ellenberg
203881,Shanece McKinney,McKinney,S. McKinney
203887,Victoria Macaulay,Macaulay,V. Macaulay
204296,Rebecca Allen,Allen,R. Allen
204297,Cayla George,George,C. George
204298,Tess Madgen,Madgen,T. Madgen
204299,Marianna Tolo,Tolo,M. Tolo
204300,Marta Xargay,Xargay,M. Xargay
204302,Ana Dabovic,Dabovic,A. Dabovic
204309,Clarissa Dos Santos,Santos,C. Santos
204317,Ramu Tokashiki,Tokashiki,R. Tokashiki
204319,Jewell Loyd,Loyd,J. Loyd
204320,Amanda Zahui B,B,A. B
204321,Kaleena Mosqueda-Lewis,Mosqueda-Lewis,K. Mosqueda-Lewis
204322,Elizabeth Williams,Williams,E. Williams
204323,Cheyenne Parker,Parker,C. Parker
204324,Dearica Hamby,Hamby,D. Hamby
204325,Crystal Bradford,Bradford,C. Bradford
204326,Ally Malott,Malott,A. Malott
204327,Brittany Boyd-Jones,Boyd-Jones,B. Boyd-Jones
204328,Samantha Logic,Logic,S. Logic
204329,Kiah Stokes,Stokes,K. Stokes
204330,Isabelle Harrison,Harrison,I. Harrison
204331,Brianna Kiesel,Kiesel,B. Kiesel
204332,Cierra Burdick,Burdick,C. Burdick
204333,Natasha Cloud,Cloud,N. Cloud
204334,Reshanda Gray,Gray,R. Gray
204335,Betnijah Laney-Hamilton,Laney-Hamilton,B. Laney-Hamilton
204336,Alex Harden,Harden,A. Harden
204337,Brittany Hrynko,Hrynko,B. Hrynko
204348,Andrea Hoover,Hoover,A. Hoover
204352,Shae Kelley,Kelley,S. Kelley
204355,Blake Dietrick,Dietrick,B. Dietrick
204362,Jennifer O'Neill,O'Neill,J. O'Neill
204365,Erica Wheeler,Wheeler,E. Wheeler
204468,Valeriane Ayayi,Ayayi,V. Ayayi
1627635,Carla Cortijo,Cortijo,C. Cortijo
1627639,Zoi Dimitrakou,Dimitrakou,Z. Dimitrakou
1627643,Cyesha Goree,Goree,C. Goree
1627644,Jelena Dubljevic,Dubljevic,J. Dubljevic
1627645,Frida Eldebrink,Eldebrink,F. Eldebrink
1627648,Evgeniia Belyakova,Belyakova,E. Belyakova
1627668,Breanna Stewart,Stewart,B. Stewart
1627669,Moriah Jefferson,Jefferson,M. Jefferson
1627670,Morgan Tuck,Tuck,M. Tuck
1627671,Rachel Banham,Banham,R. Banham
1627672,Aerial Powers,Powers,A. Powers
1627673,Jonquel Jones,Jones,J. Jones
1627674,Kahleah Copper,Copper,K. Copper
1627675,Courtney Williams,Williams,C. Williams
1627676,Tiffany Mitchell,Mitchell,T. Mitchell
1627677,Imani McGee-Stafford,McGee-Stafford,I. McGee-Stafford
1627678,Bria Holmes,Holmes,B. Holmes
1627679,Adut Bulgak,Bulgak,A. Bulgak
1627680,Rachel Hollivay,Hollivay,R. Hollivay
1627681,Jazmon Gwathmey,Gwathmey,J. Gwathmey
1627682,Whitney Knight,Knight,W. Knight
1627684,Jamie Weisner,Weisner,J. Weisner
1627685,Ruth Hamblin,Hamblin,R. Hamblin
1627687,Jillian Alleyne,Alleyne,J. Alleyne
1627688,Brene Moseley,Moseley,B. Moseley
1627689,Bashaara Graves,Graves,B. Graves
1627691,Ameryst Alston,Alston,A. Alston
1627699,Nirra Fields,Fields,N. Fields
1627700,Julie Allemand,Allemand,J. Allemand
1627701,Temi Fagbenle,Fagbenle,T. Fagbenle
1627704,Alisia Jenkins,Jenkins,A. Jenkins
1628242,Emma Cannon,Cannon,E. Cannon
1628244,Sami Whitcomb,Whitcomb,S. Whitcomb
1628248,Nayo Raincock-Ekunwe,Raincock-Ekunwe,N. Raincock-Ekunwe
1628261,Shao Ting,Ting,S. Ting
1628262,Evelyn Akhator,Akhator,E. Akhator
1628263,Lindsay Allen,Allen,L. Allen
1628265,Sophie Brunner,Brunner,S. Brunner
1628267,Saniya Chong,Chong,S. Chong
1628268,Alaina Coates,Coates,A. Coates
1628269,Nia Coffey,Coffey,N. Coffey
1628273,Kaela Davis,Davis,K. Davis
1628276,Kelsey Plum,Plum,K. Plum
1628277,Allisha Gray,Gray,A. Gray
1628278,Shatori Walker-Kimbrough,Walker-Kimbrough,S. Walker-Kimbrough
1628279,Brittney Sykes,Sykes,B. Sykes
1628280,Brionna Jones,Jones,B. Jones
1628282,Sydney Wiese,Wiese,S. Wiese
1628283,Alexis Jones,Jones,A. Jones
1628284,Alexis Peterson,Peterson,A. Peterson
1628285,Leticia Romero,Romero,L. Romero
1628286,Erica McCall,McCall,E. McCall
1628287,Jennie Simms,Simms,J. Simms
1628289,Feyonda Fitzgerald,Fitzgerald,F. Fitzgerald
1628292,Breanna Lewis,Lewis,B. Lewis
1628297,Alexis Prince,Prince,A. Prince
1628298,Lanay Montgomery,Montgomery,L. Montgomery
1628300,Makayla Epps,Epps,M. Epps
1628304,Yvonne Anderson,Anderson,Y. Anderson
1628317,Karlie Samuelson,Samuelson,K. Samuelson
1628327,Adaora Elonu,Elonu,A. Elonu
1628358,Maimouna Diarra,Diarra,M. Diarra
1628508,Cecilia Zandalasini,Zandalasini,C. Zandalasini
1628866,Endy Miyem,Miyem,E. Miyem
1628868,Hind Ben Abdelkader,Abdelkader,H. Abdelkader
1628878,Ariel Atkins,Atkins,A. Atkins
1628881,Monique Billings,Billings,M. Billings
1628882,Lexie Brown,Brown,L. Brown
1628886,Jordin Canada,Canada,J. Canada
1628890,Diamond DeShields,DeShields,D. DeShields
1628895,Marie Gülich,Gülich,M. Gülich
1628897,Linnae Harper,Harper,L. Harper
1628899,Myisha Hines-Allen,Hines-Allen,M. Hines-Allen
1628905,Raigyne Louis,Louis,R. Louis
1628906,Stephanie Mavunga,Mavunga,S. Mavunga
1628907,Brooke McCarty-Williams,McCarty-Williams,B. McCarty-Williams
1628909,Kelsey Mitchell,Mitchell,K. Mitchell
1628911,Teana Muldrow,Muldrow,T. Muldrow
1628913,Jaime Nared,Nared,J. Nared
1628915,Kia Nurse,Nurse,K. Nurse
1628917,JiSu Park,Park,J. Park
1628920,Mercedes Russell,Russell,M. Russell
1628922,Azurá Stevens,Stevens,A. Stevens
1628926,Maria Vadeeva,Vadeeva,M. Vadeeva
1628927,Victoria Vivians,Vivians,V. Vivians
1628929,Kristy Wallace,Wallace,K. Wallace
1628931,Gabby Williams,Williams,G. Williams
1628932,A'ja Wilson,Wilson,A. Wilson
1628933,Imani Wright,Wright,I. Wright
1628949,Khaalia Hillsman,Hillsman,K. Hillsman
1628957,Kathryn Westbeld,Westbeld,K. Westbeld
1629470,Kim Mestdagh,Mestdagh,K. Mestdagh
1629476,Asia (AD) Durr,Durr,A. Durr
1629477,Sabrina Ionescu,Ionescu,S. Ionescu
1629478,Katie Lou Samuelson,Samuelson,K. Samuelson
1629479,Teaira McCowan,McCowan,T. McCowan
1629480,Kalani Brown,Brown,K. Brown
1629481,Arike Ogunbowale,Ogunbowale,A. Ogunbowale
1629482,Sophie Cunningham,Cunningham,S. Cunningham
1629483,Napheesa Collier,Collier,N. Collier
1629484,Megan Gustafson,Gustafson,M. Gustafson
1629485,Kristine Anigwe,Anigwe,K. Anigwe
1629488,Brianna Turner,Turner,B. Turner
1629490,Kitija Laksa,Laksa,K. Laksa
1629491,Jessica Shepard,Shepard,J. Shepard
1629492,Beatrice Mompremier,Mompremier,B. Mompremier
1629495,Kenisha Bell,Bell,K. Bell
1629496,Ezi Magbegor,Magbegor,E. Magbegor
1629497,Marina Mabrey,Mabrey,M. Mabrey
1629498,Jackie Young,Young,J. Young
1629500,Anriel Howard,Howard,A. Howard
1629501,Alanna Smith,Smith,A. Smith
1629502,Paris Kea,Kea,P. Kea
1629505,Chloe Jackson,Jackson,C. Jackson
1629506,Kiara Leslie,Leslie,K. Leslie
1629524,Bridget Carleton,Carleton,B. Carleton
1629539,Amy Okonkwo,Okonkwo,A. Okonkwo
1629546,Marine Johannès,Johannès,M. Johannès
1629566,Han Xu,Xu,H. Xu
1629567,Natisha Hiedeman,Hiedeman,N. Hiedeman
1629568,Kennedy Burke,Burke,K. Burke
1629569,Maite Cazorla,Cazorla,M. Cazorla
1629570,Megan Huff,Huff,M. Huff
1629571,Morgan Bertsch,Bertsch,M. Bertsch
1629573,Arica Carter,Carter,A. Carter
1629574,Li Yueru,Yueru,L. Yueru
1630043,Bernadett Határ,Határ,B. Határ
1630093,Bella Alarie,Alarie,B. Alarie
1630095,Brittany Brewer,Brewer,B. Brewer
1630096,DiJonai Carrington,Carrington,D. Carrington
1630097,Kaila Charles,Charles,K. Charles
1630099,Te'a Cooper,Cooper,T. Cooper
1630100,Lauren Cox,Cox,L. Cox
1630101,Crystal Dangerfield,Dangerfield,C. Dangerfield
1630104,Kathleen Doyle,Doyle,K. Doyle
1630110,Haley Gorecki,Gorecki,H. Gorecki
1630112,Tyasha Harris,Harris,T. Harris
1630113,Ruthy Hebard,Hebard,R. Hebard
1630114,Mikiah Herbert Harrigan,Harrigan,M. Harrigan
1630115,Joyner Holmes,Holmes,J. Holmes
1630118,Stella Johnson,Johnson,S. Johnson
1630119,Jazmine Jones,Jones,J. Jones
1630120,Stephanie Jones,Jones,S. Jones
1630127,Leaonna Odom,Odom,L. Odom
1630131,Kylee Shook,Shook,K. Shook
1630134,Sug Sutton,Sutton,S. Sutton
1630136,Megan Walker,Walker,M. Walker
1630137,Stephanie Watts,Watts,S. Watts
1630139,Jocelyn Willoughby,Willoughby,J. Willoughby
1630142,Leonie Fiebich,Fiebich,L. Fiebich
1630143,Luisa Geiselsöder,Geiselsöder,L. Geiselsöder
1630149,Satou Sabally,Sabally,S. Sabally
1630150,Chennedy Carter,Carter,C. Carter
1630151,Olivia Époupa,Époupa,O. Époupa
1630153,Jaylyn Agnew,Agnew,J. Agnew
1630154,Kamiah Smalls,Smalls,K. Smalls
1630385,Shyla Heal,Heal,S. Heal
1630386,Awak Kuier,Kuier,A. Kuier
1630387,Iliana Rupert,Rupert,I. Rupert
1630389,Dana Evans,Evans,D. Evans
1630435,Destiny Slocum,Slocum,D. Slocum
1630437,Chelsey Perry,Perry,C. Perry
1630438,Kysre Gondrezick,Gondrezick,K. Gondrezick
1630440,Chelsea Dungee,Dungee,C. Dungee
1630441,Arella Guirantes,Guirantes,A. Guirantes
1630442,Natasha Mack,Mack,N. Mack
1630444,Jasmine Walker,Walker,J. Walker
1630446,Michaela Onyenwere,Onyenwere,M. Onyenwere
1630452,Rennia Davis,Davis,R. Davis
1630453,Aleah Goodman,Goodman,A. Goodman
1630454,Charli Collier,Collier,C. Collier
1630458,Aaliyah Wilson,Wilson,A. Wilson
1630459,DiDi Richards,Richards,D. Richards
1630461,Kiana Williams,Williams,K. Williams
1630462,Aari McDonald,McDonald,A. McDonald
1630471,Maya Caldwell,Caldwell,M. Caldwell
1630479,Sparkle Taylor,Taylor,S. Taylor
1630957,Rui Machida,Machida,R. Machida
1630961,Tina Krajisnik,Krajisnik,T. Krajisnik
1630993,Anneli Maley,Maley,A. Maley
1630996,Rae Burrell,Burrell,R. Burrell
1631002,Nia Clouden,Clouden,N. Clouden
1631006,Kierstan Bell,Bell,K. Bell
1631007,Veronica Burton,Burton,V. Burton
1631009,Rhyne Howard,Howard,R. Howard
1631013,Aisha Sheppard,Sheppard,A. Sheppard
1631019,NaLyssa Smith,Smith,N. Smith
1631021,Sika Koné,Koné,S. Koné
1631022,Shakira Austin,Austin,S. Austin
1631029,Jasmine Dickey,Dickey,J. Dickey
1631031,Queen Egbo,Egbo,Q. Egbo
1631032,Lorela Cubaj,Cubaj,L. Cubaj
1631044,Naz Hillmon,Hillmon,N. Hillmon
1631046,Hannah Sjerven,Sjerven,H. Sjerven
1631055,Nyara Sabally,Sabally,N. Sabally
1631056,Amy Atwell,Atwell,A. Atwell
1631062,Khayla Pointer,Pointer,K. Pointer
1631064,Chloe Bibby,Bibby,C. Bibby
1631068,Sam Thomas,Thomas,S. Thomas
1631072,Elissa Cunane,Cunane,E. Cunane
1631073,Raina Perez,Perez,R. Perez
1631081,Katie Benzan,Benzan,K. Benzan
1631083,Emily Engstler,Engstler,E. Engstler
1631086,Lexie Hull,Hull,L. Hull
1631089,Destanni Henderson,Henderson,D. Henderson
1631090,Christyn Williams,Williams,C. Williams
1631091,Evina Westbrook,Westbrook,E. Westbrook
1631118,Alexa Held,Held,A. Held
1631135,Olivia Nelson-Ododa,Nelson-Ododa,O. Nelson-Ododa
1631141,Jade Melbourne,Melbourne,J. Melbourne
1631147,Kianna Smith,Smith,K. Smith
1631263,Nikolina Milic,Milic,N. Milic
1641602,Ivana Dojkic,Dojkic,I. Dojkic
1641641,Robyn Parks,Parks,R. Parks
1641642,Li Meng,Meng,L. Meng
1641648,Aliyah Boston,Boston,A. Boston
1641649,Diamond Miller,Miller,D. Miller
1641650,Haley Jones,Jones,H. Jones
1641651,Jordan Horston,Horston,J. Horston
1641652,Maddy Siegrist,Siegrist,M. Siegrist
1641653,Ashley Joens,Joens,A. Joens
1641654,Stephanie Soares,Soares,S. Soares
1641656,Laeticia Amihere,Amihere,L. Amihere
1641657,Dorka Juhász,Juhász,D. Juhász
1641658,Grace Berger,Berger,G. Berger
1641659,Taylor Mikesell,Mikesell,T. Mikesell
1641660,Zia Cooke,Cooke,Z. Cooke
1641661,Lou Lopez Sénéchal,Sénéchal,L. Sénéchal
1641665,Leigha Brown,Brown,L. Brown
1641667,Taylor Soule,Soule,T. Soule
1641670,Madi Williams,Williams,M. Williams
1641671,Abby Meyers,Meyers,A. Meyers
1641672,Kayana Traylor,Traylor,K. Traylor
1641675,Dulcy Fankam Mendjiadeu,Mendjiadeu,D. Mendjiadeu
1641687,Victaria Saxton,Saxton,V. Saxton
1641690,Kadi Sissoko,Sissoko,K. Sissoko
1641698,Caitlin Bickle,Bickle,C. Bickle
1641700,Liz Dixon,Dixon,L. Dixon
1642210,Julie Vanloo,Vanloo,J. Vanloo
1642240,Jaelyn Brown,Brown,J. Brown
1642244,Sevgi Uzun,Uzun,S. Uzun
1642286,Caitlin Clark,Clark,C. Clark
1642287,Cameron Brink,Brink,C. Brink
1642288,Rickea Jackson,Jackson,R. Jackson
1642289,Kamilla Cardoso,Cardoso,K. Cardoso
1642290,Aaliyah Edwards,Edwards,A. Edwards
1642291,Angel Reese,Reese,A. Reese
1642292,Jacy Sheldon,Sheldon,J. Sheldon
1642293,Alissa Pili,Pili,A. Pili
1642294,Charisma Osborne,Osborne,C. Osborne
1642295,Elizabeth Kitley,Kitley,E. Kitley
1642298,Celeste Taylor,Taylor,C. Taylor
1642299,Nika Mühl,Mühl,N. Mühl
1642300,Dyaisha Fair,Fair,D. Fair
1642301,Marquesha Davis,Davis,M. Davis
1642303,Leïla Lacan,Lacan,L. Lacan
1642304,Carla Leite,Leite,C. Leite
1642305,Jessika Carter,Carter,J. Carter
1642307,Mackenzie Holmes,Holmes,M. Holmes
1642309,Jakia Brown-Turner,Brown-Turner,J. Brown-Turner
1642320,Jaylyn Sherrod,Sherrod,J. Sherrod
1642324,Kate Martin,Martin,K. Martin
1642344,Camryn Taylor,Taylor,C. Taylor
1642534,Ezinne Kalu,Kalu,E. Kalu
1642763,Marième Badiane,Badiane,M. Badiane
1642767,Janelle Salaün,Salaün,J. Salaün
1642768,Kyara Linskens,Linskens,K. Linskens
1642773,Kariata Diaby,Diaby,K. Diaby
1642774,Murjanatu Musa,Musa,M. Musa
1642777,Monique Akoa Makani,Makani,M. Makani
1642782,Sarah Ashlee Barker,Barker,S. Barker
1642784,Paige Bueckers,Bueckers,P. Bueckers
1642785,Sonia Citron,Citron,S. Citron
1642788,Bree Hall,Hall,B. Hall
1642790,Sania Feagin,Feagin,S. Feagin
1642792,Kiki Iriafen,Iriafen,K. Iriafen
1642793,Aziaha James,James,A. James
1642796,Rayah Marshall,Marshall,R. Marshall
1642797,Anastasiia Olairi Kosu,Kosu,A. Kosu
1642798,Dominique Malonga,Malonga,D. Malonga
1642799,Megan McConnell,McConnell,M. McConnell
1642800,Aneesah Morrow,Morrow,A. Morrow
1642801,Aaliyah Nye,Nye,A. Nye
1642802,Lucy Olsen,Olsen,L. Olsen
1642804,Te-Hina Paopao,Paopao,T. Paopao
1642808,JJ Quinerly,Quinerly,J. Quinerly
1642809,Saniya Rivers,Rivers,S. Rivers
1642810,Madison Scott,Scott,M. Scott
1642813,Serena Sundell,Sundell,S. Sundell
1642814,Taylor Thierry,Thierry,T. Thierry
1642815,Makayla Timpson,Timpson,M. Timpson
1642817,Hailey Van Lith,Lith,H. Lith
1642818,Maddy Westbeld,Westbeld,M. Westbeld
1642820,Liatu King,King,L. King
1642822,Kaitlyn Chen,Chen,K. Chen
1642828,Ajae Petty,Petty,A. Petty
1642841,Mamignan Touré,Touré,M. Touré
1643154,Kyra Lambert,Lambert,K. Lambert
93904479,Mariella Fasoula,Fasoula,M. Fasoula
93906769,Jovana Nogic,Nogic,J. Nogic
93910470,Maria Conde,Conde,M. Conde
93913680,Emese Hof,Hof,E. Hof
94066546,Nadia Fingall,Fingall,N. Fingall
94068104,Peyton Williams,Williams,P. Williams
94398577,Miela Sowah,Sowah,M. Sowah
94398766,Zaay Green,Green,Z. Green
94432844,Aubrey Griffin,Griffin,A. Griffin
94433411,Angela Dugalic,Dugalic,A. Dugalic
94433433,Aicha Coulibaly,Coulibaly,A. Coulibaly
94433523,Rori Harmon,Harmon,R. Harmon
94433542,Saylor Poffenbarger,Poffenbarger,S. Poffenbarger
94433634,Ashten Prechtel,Prechtel,A. Prechtel
94433690,Holly Winterburn,Winterburn,H. Winterburn
94433744,Michelle Onyiah,Onyiah,M. Onyiah
94433790,Azzi Fudd,Fudd,A. Fudd
94433791,Olivia Miles,Miles,O. Miles
94433797,Raven Johnson,Johnson,R. Johnson
94434020,Teonni Key,Key,T. Key
94565505,Kiki Rice,Rice,K. Rice
94565515,Tonie Morgan,Morgan,T. Morgan
94583144,Cotie McMahon,McMahon,C. McMahon
94594786,Sydney Taylor,Taylor,S. Taylor
94595823,Alex Fowler,Fowler,A. Fowler
94599199,Morgan Maly,Maly,M. Maly
94609797,Ta'Niya Latson,Latson,T. Latson
94682855,Justine Pissott,Pissott,J. Pissott
94688629,Shay Ciezki,Ciezki,S. Ciezki
94698730,Kara Dunn,Dunn,K. Dunn
94698736,Flau'jae Johnson,Johnson,F. Johnson
94703609,Charlisse Leger-Walker,Leger-Walker,C. Leger-Walker
94704180,Georgia Amoore,Amoore,G. Amoore
94704594,Marta Suarez,Suarez,M. Suarez
94790258,Raquel Carrera,Carrera,R. Carrera
94790260,Marine Fauthoux,Fauthoux,M. Fauthoux
94858656,Gabriela Jaquez,Jaquez,G. Jaquez
94873358,Antonia Delaere,Delaere,A. Delaere
94874375,Jihyun Park,Park,J. Park
94898898,Gianna Kneepkens,Kneepkens,G. Kneepkens
95105406,Frieda Buhner,Buhner,F. Buhner
95105729,Chance Gray,Gray,C. Gray
95105731,Grace VanSlooten,VanSlooten,G. VanSlooten
95105732,Raegan Beers,Beers,R. Beers
95105737,Lauren Betts,Betts,L. Betts
95105740,Indya Nivar,Nivar,I. Nivar
95106145,Darianna Littlepage-Buggs,Littlepage-Buggs,D. Littlepage-Buggs
95106170,Ndjakalenga Mwenentanda,Mwenentanda,N. Mwenentanda
95106222,Taina Mair,Mair,T. Mair
95106232,Ashlon Jackson,Jackson,A. Jackson
95107404,Sha Carter,Carter,S. Carter
95107515,Laura Ziegler,Ziegler,L. Ziegler
95108051,Jordan Harrison,Harrison,J. Harrison
95108550,Serah Williams,Williams,S. Williams
95108587,Madina Okot,Okot,M. Okot
95122345,Cassandre Prosper,Prosper,C. Prosper
95208983,Isobel Borlase,Borlase,I. Borlase
95209202,Nyadiew Puoch,Puoch,N. Puoch
95220104,Mai Yamamoto,Yamamoto,M. Yamamoto
95277552,Juste Jocyte,Jocyte,J. Jocyte
95278157,Alex Wilson,Wilson,A. Wilson
95345319,Nell Angloma,Angloma,N. Angloma
95345320,Pauline Astier,Astier,P. Astier
95345322,Emma Cechova,Cechova,E. Cechova
95345325,Awa Fam,Fam,A. Fam
95345444,Laura Juskaite,Juskaite,L. Juskaite
95345473,Costanza Verona,Verona,C. Verona
95345478,Eliska Hamzova,Hamzova,E. Hamzova
95345524,Noemie Brochant,Brochant,N. Brochant
95346554,Teja Oblak,Oblak,T. Oblak
95349415,Alicia Florez Getino,Getino,A. Getino
95355509,Tima Pouye,Pouye,T. Pouye
95364343,Ornella Bankole,Bankole,O. Bankole
