game_id,game_date
1021700003,2017-05-13
1021700011,2017-05-19
1021700015,2017-05-21
1021700025,2017-05-27
1021700033,2017-05-31
1021700040,2017-06-04
1021700044,2017-06-07
1021700049,2017-06-10
1021700055,2017-06-13
1021700058,2017-06-15
1021700069,2017-06-23
1021700082,2017-06-30
1021700088,2017-07-02
1021700089,2017-07-05
1021700094,2017-07-07
1021700099,2017-07-09
1021700104,2017-07-12
1021700109,2017-07-15
1021700115,2017-07-18
1021700118,2017-07-19
1021700125,2017-07-25
1021700131,2017-07-28
1021700136,2017-07-30
1021700142,2017-08-03
1021700148,2017-08-05
1021700155,2017-08-08
1021700158,2017-08-11
1021700162,2017-08-12
1021700165,2017-08-15
1021700173,2017-08-19
1021700181,2017-08-23
1021700187,2017-08-26
1021700198,2017-09-01
1021700202,2017-09-03
1021700007,2017-05-14
1021700019,2017-05-24
1021700023,2017-05-26
1021700027,2017-05-28
1021700034,2017-06-01
1021700043,2017-06-06
1021700050,2017-06-10
1021700061,2017-06-16
1021700065,2017-06-18
1021700075,2017-06-25
1021700079,2017-06-28
1021700083,2017-06-30
1021700097,2017-07-08
1021700102,2017-07-12
1021700107,2017-07-14
1021700112,2017-07-16
1021700116,2017-07-18
1021700121,2017-07-20
1021700124,2017-07-25
1021700133,2017-07-28
1021700139,2017-07-30
1021700144,2017-08-04
1021700156,2017-08-10
1021700171,2017-08-18
1021700177,2017-08-20
1021700184,2017-08-25
1021700189,2017-08-27
1021700193,2017-08-30
1021700196,2017-09-01
1021700203,2017-09-03
1021700013,2017-05-20
1021700017,2017-05-23
1021700022,2017-05-26
1021700032,2017-05-31
1021700037,2017-06-03
1021700057,2017-06-14
1021700062,2017-06-17
1021700068,2017-06-23
1021700074,2017-06-25
1021700078,2017-06-27
1021700081,2017-06-29
1021700085,2017-07-01
1021700090,2017-07-05
1021700096,2017-07-08
1021700103,2017-07-12
1021700105,2017-07-13
1021700110,2017-07-16
1021700117,2017-07-19
1021700129,2017-08-29
1021700135,2017-07-30
1021700143,2017-08-04
1021700154,2017-08-08
1021700160,2017-08-12
1021700168,2017-08-18
1021700174,2017-08-20
1021700180,2017-08-23
1021700197,2017-09-01
1021700201,2017-09-03
1021700005,2017-05-14
1021700014,2017-05-20
1021700021,2017-05-25
1021700026,2017-05-27
1021700031,2017-05-30
1021700035,2017-06-02
1021700036,2017-06-03
1021700041,2017-06-06
1021700048,2017-06-09
1021700054,2017-06-11
1021700056,2017-06-13
1021700060,2017-06-16
1021700063,2017-06-18
1021700067,2017-06-21
1021700071,2017-06-23
1021700086,2017-07-01
1021700119,2017-07-19
1021700127,2017-07-25
1021700134,2017-07-28
1021700137,2017-07-30
1021700145,2017-08-04
1021700151,2017-08-06
1021700157,2017-08-10
1021700188,2017-08-26
1021700200,2017-09-03
1021700006,2017-05-14
1021700008,2017-05-17
1021700020,2017-05-24
1021700028,2017-05-28
1021700045,2017-06-07
1021700047,2017-06-09
1021700053,2017-06-11
1021700073,2017-06-24
1021700101,2017-07-12
1021700106,2017-07-14
1021700114,2017-07-17
1021700120,2017-07-19
1021700122,2017-07-20
1021700130,2017-07-28
1021700152,2017-08-06
1021700153,2017-08-08
1021700161,2017-08-12
1021700170,2017-08-18
1021700176,2017-08-20
1021700182,2017-08-23
1021700192,2017-08-30
1021700199,2017-09-02
1021700002,2017-05-13
1021700012,2017-05-19
1021700030,2017-05-30
1021700051,2017-06-10
1021700059,2017-06-15
1021700064,2017-06-18
1021700087,2017-07-02
1021700092,2017-07-06
1021700098,2017-07-08
1021700128,2017-07-25
1021700132,2017-07-28
1021700147,2017-08-04
1021700159,2017-08-11
1021700164,2017-08-13
1021700166,2017-08-16
1021700179,2017-08-22
1021700183,2017-08-24
1021700190,2017-08-27
1021700001,2017-05-13
1021700004,2017-05-14
1021700010,2017-05-19
1021700029,2017-05-28
1021700042,2017-06-06
1021700066,2017-06-18
1021700076,2017-06-25
1021700095,2017-07-07
1021700123,2017-07-25
1021700138,2017-07-30
1021700141,2017-08-01
1021700146,2017-08-04
1021700149,2017-08-05
1021700172,2017-08-18
1021700186,2017-08-25
1021700195,2017-09-01
1021700009,2017-05-18
1021700038,2017-06-03
1021700046,2017-06-09
1021700070,2017-06-23
1021700084,2017-06-30
1021700108,2017-07-14
1021700113,2017-07-16
1021700126,2017-07-25
1021700140,2017-07-30
1021700167,2017-08-16
1021700175,2017-08-20
1021700178,2017-08-22
1021700204,2017-09-03
1021700018,2017-05-23
1021700024,2017-05-26
1021700039,2017-06-04
1021700052,2017-06-11
1021700080,2017-06-29
1021700093,2017-07-06
1021700100,2017-07-09
1021700111,2017-07-16
1021700185,2017-08-25
1021700072,2017-06-23
1021700091,2017-07-05
1021700150,2017-08-06
1021700163,2017-08-12
1021700169,2017-08-18
1021700191,2017-08-27
1021700016,2017-05-21
1021700077,2017-06-27
1021700194,2017-09-01
1041700201,2017-09-10
1041700101,2017-09-06
1041700311,2017-09-12
1041700312,2017-09-14
1041700313,2017-09-17
1041700401,2017-09-24
1041700402,2017-09-26
1041700403,2017-09-29
1041700404,2017-10-01
1041700405,2017-10-04
1041700301,2017-09-12
1041700302,2017-09-14
1041700303,2017-09-17
1041700211,2017-09-10
1041700111,2017-09-06
1021800005,2018-05-20
1021800011,2018-05-23
1021800018,2018-05-26
1021800023,2018-05-29
1021800033,2018-06-03
1021800038,2018-06-05
1021800044,2018-06-08
1021800049,2018-06-10
1021800053,2018-06-12
1021800056,2018-06-14
1021800060,2018-06-16
1021800065,2018-06-19
1021800070,2018-06-22
1021800085,2018-06-27
1021800092,2018-06-29
1021800097,2018-07-01
1021800109,2018-07-06
1021800113,2018-07-08
1021800120,2018-07-11
1021800123,2018-07-13
1021800128,2018-07-15
1021800134,2018-07-17
1021800137,2018-07-19
1021800145,2018-07-22
1021800152,2018-07-24
1021800154,2018-07-31
1021800161,2018-08-03
1021800168,2018-08-05
1021800170,2018-08-07
1021800177,2018-08-09
1021800181,2018-08-11
1021800183,2018-08-12
1021800196,2018-08-17
1021800200,2018-08-19
1021800002,2018-05-19
1021800007,2018-05-20
1021800017,2018-05-25
1021800029,2018-06-01
1021800036,2018-06-03
1021800043,2018-06-08
1021800047,2018-06-10
1021800052,2018-06-12
1021800063,2018-06-17
1021800066,2018-06-19
1021800072,2018-06-22
1021800080,2018-06-24
1021800091,2018-06-29
1021800098,2018-07-01
1021800101,2018-07-03
1021800107,2018-07-05
1021800111,2018-07-07
1021800118,2018-07-10
1021800125,2018-07-13
1021800129,2018-07-15
1021800135,2018-07-18
1021800141,2018-07-20
1021800148,2018-07-22
1021800153,2018-07-25
1021800155,2018-07-31
1021800172,2018-08-07
1021800179,2018-08-10
1021800184,2018-08-12
1021800189,2018-08-14
1021800198,2018-08-18
1021800202,2018-08-19
1021800003,2018-05-20
1021800014,2018-05-24
1021800019,2018-05-26
1021800034,2018-06-03
1021800039,2018-06-07
1021800045,2018-06-09
1021800054,2018-06-13
1021800059,2018-06-15
1021800062,2018-06-16
1021800078,2018-06-24
1021800082,2018-06-26
1021800086,2018-06-27
1021800099,2018-07-01
1021800103,2018-07-03
1021800108,2018-07-05
1021800112,2018-07-07
1021800119,2018-07-11
1021800124,2018-07-13
1021800132,2018-07-15
1021800140,2018-07-20
1021800146,2018-07-22
1021800149,2018-07-24
1021800157,2018-08-01
1021800165,2018-08-05
1021800175,2018-08-08
1021800188,2018-08-14
1021800193,2018-08-17
1021800199,2018-08-19
1021800001,2018-05-18
1021800012,2018-05-23
1021800024,2018-05-29
1021800032,2018-06-02
1021800042,2018-06-08
1021800051,2018-06-12
1021800058,2018-06-15
1021800067,2018-06-19
1021800071,2018-06-22
1021800076,2018-06-24
1021800084,2018-06-26
1021800087,2018-06-27
1021800095,2018-07-01
1021800105,2018-07-05
1021800114,2018-07-08
1021800117,2018-07-10
1021800122,2018-07-12
1021800127,2018-07-14
1021800133,2018-07-17
1021800138,2018-07-19
1021800159,2018-08-02
1021800166,2018-08-05
1021800185,2018-08-12
1021800195,2018-08-17
1021800203,2018-08-19
1021800004,2018-05-20
1021800009,2018-05-22
1021800015,2018-05-24
1021800031,2018-06-02
1021800046,2018-06-10
1021800050,2018-06-12
1021800069,2018-06-19
1021800075,2018-06-22
1021800090,2018-06-29
1021800102,2018-07-03
1021800121,2018-07-11
1021800130,2018-07-15
1021800136,2018-07-18
1021800142,2018-07-20
1021800147,2018-07-22
1021800150,2018-07-24
1021800164,2018-08-04
1021800171,2018-08-07
1021800180,2018-08-10
1021800182,2018-08-11
1021800191,2018-08-15
1021800006,2018-05-20
1021800021,2018-05-27
1021800035,2018-06-03
1021800041,2018-06-07
1021800057,2018-06-15
1021800077,2018-06-24
1021800089,2018-06-28
1021800093,2018-06-29
1021800096,2018-07-01
1021800106,2018-07-05
1021800110,2018-07-07
1021800116,2018-07-10
1021800131,2018-07-15
1021800160,2018-08-02
1021800167,2018-08-05
1021800174,2018-08-08
1021800186,2018-08-12
1021800190,2018-08-14
1021800194,2018-08-17
1021800010,2018-05-22
1021800022,2018-05-27
1021800027,2018-05-31
1021800030,2018-06-01
1021800048,2018-06-10
1021800055,2018-06-13
1021800064,2018-06-17
1021800068,2018-06-19
1021800073,2018-06-22
1021800079,2018-06-24
1021800126,2018-07-13
1021800139,2018-07-19
1021800158,2018-08-01
1021800178,2018-08-09
1021800192,2018-08-15
1021800016,2018-05-25
1021800020,2018-05-27
1021800028,2018-06-01
1021800040,2018-06-07
1021800061,2018-06-16
1021800074,2018-06-22
1021800083,2018-06-26
1021800144,2018-07-21
1021800151,2018-07-24
1021800163,2018-08-03
1021800187,2018-08-12
1021800204,2018-08-19
1021800037,2018-06-05
1021800081,2018-06-26
1021800088,2018-06-28
1021800100,2018-07-03
1021800104,2018-07-05
1021800143,2018-07-21
1021800169,2018-08-06
1021800197,2018-08-17
1021800201,2018-08-19
1021800008,2018-05-20
1021800013,2018-05-23
1021800026,2018-05-30
1021800094,2018-06-30
1021800156,2018-07-31
1021800173,2018-08-07
1021800025,2018-05-29
1021800115,2018-07-08
1021800176,2018-08-09
1041800311,2018-08-26
1041800312,2018-08-28
1041800313,2018-08-31
1041800314,2018-09-02
1041800315,2018-09-04
1041800211,2018-08-23
1041800101,2018-08-21
1041800111,2018-08-21
1041800201,2018-08-23
1041800301,2018-08-26
1041800302,2018-08-28
1041800303,2018-08-31
1041800304,2018-09-02
1041800305,2018-09-04
1041800401,2018-09-07
1041800402,2018-09-09
1041800403,2018-09-12
1021900001,2019-05-24
1021900009,2019-05-31
1021900013,2019-06-01
1021900020,2019-06-06
1021900026,2019-06-09
1021900041,2019-06-15
1021900046,2019-06-19
1021900050,2019-06-21
1021900055,2019-06-23
1021900069,2019-06-30
1021900074,2019-07-02
1021900078,2019-07-05
1021900084,2019-07-07
1021900086,2019-07-10
1021900091,2019-07-12
1021900096,2019-07-14
1021900101,2019-07-17
1021900106,2019-07-19
1021900110,2019-07-21
1021900113,2019-07-23
1021900121,2019-07-31
1021900126,2019-08-03
1021900132,2019-08-06
1021900139,2019-08-10
1021900146,2019-08-13
1021900154,2019-08-16
1021900160,2019-08-20
1021900167,2019-08-23
1021900170,2019-08-25
1021900182,2019-08-29
1021900188,2019-09-01
1021900191,2019-09-03
1021900193,2019-09-05
1021900199,2019-09-08
1021900005,2019-05-25
1021900014,2019-06-01
1021900019,2019-06-05
1021900030,2019-06-09
1021900033,2019-06-11
1021900040,2019-06-15
1021900047,2019-06-19
1021900051,2019-06-21
1021900056,2019-06-23
1021900061,2019-06-26
1021900066,2019-06-28
1021900071,2019-06-30
1021900073,2019-07-02
1021900083,2019-07-07
1021900089,2019-07-10
1021900093,2019-07-12
1021900098,2019-07-14
1021900111,2019-07-21
1021900118,2019-07-30
1021900133,2019-08-07
1021900138,2019-08-09
1021900143,2019-08-11
1021900151,2019-08-16
1021900157,2019-08-18
1021900168,2019-08-23
1021900172,2019-08-25
1021900178,2019-08-27
1021900181,2019-08-29
1021900186,2019-09-01
1021900196,2019-09-06
1021900201,2019-09-08
1021900004,2019-05-25
1021900007,2019-05-28
1021900011,2019-05-31
1021900016,2019-06-02
1021900021,2019-06-06
1021900031,2019-06-11
1021900037,2019-06-14
1021900043,2019-06-16
1021900062,2019-06-26
1021900067,2019-06-29
1021900080,2019-07-06
1021900092,2019-07-12
1021900097,2019-07-14
1021900116,2019-07-24
1021900122,2019-08-01
1021900129,2019-08-04
1021900137,2019-08-09
1021900144,2019-08-11
1021900149,2019-08-14
1021900150,2019-08-16
1021900155,2019-08-18
1021900166,2019-08-23
1021900171,2019-08-25
1021900179,2019-08-27
1021900183,2019-08-30
1021900192,2019-09-04
1021900200,2019-09-08
1021900015,2019-06-01
1021900023,2019-06-07
1021900028,2019-06-09
1021900035,2019-06-13
1021900048,2019-06-20
1021900054,2019-06-22
1021900064,2019-06-28
1021900070,2019-06-30
1021900076,2019-07-05
1021900085,2019-07-09
1021900094,2019-07-12
1021900102,2019-07-17
1021900104,2019-07-18
1021900109,2019-07-20
1021900120,2019-07-30
1021900123,2019-08-01
1021900128,2019-08-03
1021900136,2019-08-08
1021900140,2019-08-10
1021900148,2019-08-14
1021900152,2019-08-16
1021900164,2019-08-22
1021900184,2019-08-31
1021900195,2019-09-06
1021900202,2019-09-08
1021900002,2019-05-24
1021900012,2019-06-01
1021900029,2019-06-09
1021900032,2019-06-11
1021900058,2019-06-23
1021900059,2019-06-25
1021900065,2019-06-28
1021900068,2019-06-29
1021900088,2019-07-10
1021900090,2019-07-12
1021900105,2019-07-19
1021900115,2019-07-23
1021900127,2019-08-03
1021900134,2019-08-08
1021900156,2019-08-18
1021900161,2019-08-20
1021900165,2019-08-22
1021900174,2019-08-25
1021900175,2019-08-27
1021900180,2019-08-29
1021900187,2019-09-01
1021900197,2019-09-06
1021900006,2019-05-26
1021900017,2019-06-04
1021900025,2019-06-08
1021900038,2019-06-14
1021900042,2019-06-15
1021900045,2019-06-18
1021900052,2019-06-21
1021900057,2019-06-23
1021900063,2019-06-27
1021900082,2019-07-07
1021900108,2019-07-20
1021900124,2019-08-01
1021900130,2019-08-04
1021900135,2019-08-08
1021900163,2019-08-20
1021900177,2019-08-27
1021900185,2019-08-31
1021900194,2019-09-05
1021900204,2019-09-08
1021900010,2019-05-31
1021900027,2019-06-09
1021900039,2019-06-14
1021900044,2019-06-16
1021900049,2019-06-20
1021900060,2019-06-25
1021900079,2019-08-05
1021900081,2019-07-07
1021900095,2019-07-13
1021900107,2019-07-19
1021900112,2019-07-21
1021900114,2019-07-23
1021900162,2019-08-20
1021900173,2019-08-25
1021900203,2019-09-08
1021900008,2019-05-29
1021900018,2019-06-04
1021900022,2019-06-06
1021900034,2019-06-12
1021900053,2019-06-22
1021900099,2019-07-14
1021900103,2019-07-17
1021900117,2019-07-24
1021900142,2019-08-11
1021900145,2019-08-13
1021900153,2019-08-16
1021900159,2019-08-18
1021900198,2019-09-06
1021900024,2019-06-07
1021900075,2019-07-03
1021900077,2019-07-05
1021900100,2019-07-14
1021900141,2019-08-11
1021900158,2019-08-18
1021900169,2019-08-25
1021900176,2019-08-27
1021900189,2019-09-03
1021900003,2019-05-25
1021900072,2019-06-30
1021900087,2019-07-10
1021900119,2019-07-30
1021900131,2019-08-04
1021900190,2019-09-03
1021900036,2019-06-14
1021900125,2019-08-02
1021900147,2019-08-14
1041900101,2019-09-11
1041900211,2019-09-15
1041900311,2019-09-17
1041900312,2019-09-19
1041900313,2019-09-22
1041900401,2019-09-29
1041900402,2019-10-01
1041900403,2019-10-06
1041900404,2019-10-08
1041900405,2019-10-10
1041900201,2019-09-15
1041900301,2019-09-17
1041900302,2019-09-19
1041900303,2019-09-22
1041900304,2019-09-24
1041900111,2019-09-11
1022001006,2020-07-26
1022001012,2020-07-29
1022001016,2020-07-31
1022001023,2020-08-02
1022001026,2020-08-04
1022001031,2020-08-06
1022001037,2020-08-08
1022001043,2020-08-10
1022001051,2020-08-12
1022001057,2020-08-14
1022001061,2020-08-16
1022001067,2020-08-19
1022001073,2020-08-21
1022001079,2020-08-23
1022001085,2020-09-13
1022001091,2020-08-28
1022001099,2020-08-30
1022001101,2020-09-01
1022001106,2020-09-03
1022001113,2020-09-05
1022001122,2020-09-09
1022001127,2020-09-11
1022001005,2020-07-26
1022001008,2020-07-28
1022001014,2020-07-30
1022001020,2020-08-01
1022001025,2020-08-04
1022001033,2020-08-06
1022001039,2020-08-08
1022001045,2020-08-10
1022001050,2020-08-12
1022001055,2020-08-14
1022001065,2020-08-18
1022001070,2020-08-20
1022001076,2020-08-22
1022001082,2020-08-25
1022001088,2020-08-31
1022001095,2020-08-29
1022001103,2020-09-02
1022001109,2020-09-04
1022001117,2020-09-06
1022001128,2020-09-11
1022001004,2020-07-26
1022001007,2020-07-28
1022001015,2020-07-30
1022001019,2020-08-01
1022001027,2020-08-04
1022001032,2020-08-06
1022001049,2020-08-12
1022001062,2020-08-16
1022001064,2020-08-18
1022001072,2020-08-20
1022001077,2020-08-22
1022001087,2020-09-07
1022001092,2020-08-28
1022001097,2020-08-30
1022001100,2020-09-01
1022001107,2020-09-03
1022001112,2020-09-05
1022001121,2020-09-09
1022001011,2020-07-29
1022001017,2020-07-31
1022001024,2020-08-02
1022001044,2020-08-10
1022001056,2020-08-14
1022001063,2020-08-16
1022001068,2020-08-19
1022001074,2020-08-21
1022001080,2020-08-23
1022001083,2020-08-25
1022001089,2020-09-13
1022001094,2020-08-29
1022001104,2020-09-02
1022001110,2020-09-04
1022001115,2020-09-06
1022001123,2020-09-09
1022001003,2020-07-25
1022001010,2020-07-29
1022001030,2020-08-05
1022001034,2020-08-07
1022001041,2020-08-09
1022001047,2020-08-11
1022001052,2020-08-13
1022001058,2020-08-15
1022001071,2020-08-20
1022001084,2020-08-25
1022001108,2020-09-03
1022001120,2020-09-08
1022001124,2020-09-10
1022001131,2020-09-12
1022001002,2020-07-25
1022001021,2020-08-01
1022001036,2020-08-07
1022001042,2020-08-09
1022001048,2020-08-11
1022001053,2020-08-13
1022001069,2020-08-19
1022001086,2020-08-31
1022001111,2020-09-04
1022001118,2020-09-08
1022001126,2020-09-10
1022001132,2020-09-12
1022001018,2020-07-31
1022001029,2020-08-05
1022001040,2020-08-09
1022001054,2020-08-13
1022001060,2020-08-15
1022001078,2020-08-22
1022001090,2020-09-13
1022001096,2020-08-29
1022001102,2020-09-01
1022001125,2020-09-10
1022001009,2020-07-28
1022001028,2020-08-05
1022001046,2020-08-11
1022001059,2020-08-15
1022001075,2020-08-21
1022001098,2020-08-30
1022001116,2020-09-06
1022001119,2020-09-08
1022001001,2020-07-25
1022001022,2020-08-02
1022001035,2020-08-07
1022001066,2020-08-18
1022001114,2020-09-05
1022001130,2020-09-12
1022001038,2020-08-08
1022001081,2020-08-23
1022001093,2020-08-28
1022001129,2020-09-11
1022001013,2020-07-30
1022001105,2020-09-02
1042000111,2020-09-15
1042000201,2020-09-17
1042000301,2020-09-20
1042000302,2020-09-22
1042000303,2020-09-24
1042000304,2020-09-27
1042000305,2020-09-29
1042000401,2020-10-02
1042000402,2020-10-04
1042000403,2020-10-06
1042000211,2020-09-17
1042000311,2020-09-22
1042000312,2020-09-24
1042000313,2020-09-27
1042000101,2020-09-15
1022100002,2021-05-14
1022100012,2021-05-19
1022100015,2021-05-21
1022100025,2021-05-25
1022100028,2021-05-27
1022100033,2021-05-29
1022100045,2021-06-04
1022100050,2021-06-06
1022100053,2021-06-09
1022100057,2021-06-11
1022100062,2021-06-13
1022100070,2021-06-17
1022100082,2021-06-23
1022100088,2021-06-26
1022100092,2021-06-29
1022100101,2021-07-02
1022100104,2021-07-04
1022100110,2021-07-09
1022100117,2021-07-11
1022100123,2021-08-15
1022100130,2021-08-17
1022100134,2021-08-19
1022100137,2021-08-21
1022100142,2021-08-24
1022100146,2021-08-26
1022100159,2021-09-02
1022100166,2021-09-05
1022100170,2021-09-08
1022100173,2021-09-10
1022100181,2021-09-14
1022100183,2021-09-16
1022100188,2021-09-19
1022100005,2021-05-15
1022100020,2021-05-23
1022100030,2021-05-28
1022100035,2021-05-30
1022100039,2021-06-01
1022100043,2021-06-03
1022100048,2021-06-05
1022100054,2021-06-09
1022100059,2021-06-12
1022100066,2021-06-15
1022100071,2021-06-17
1022100075,2021-06-19
1022100080,2021-06-22
1022100084,2021-06-24
1022100090,2021-06-27
1022100094,2021-06-30
1022100098,2021-07-02
1022100114,2021-07-10
1022100120,2021-08-15
1022100127,2021-08-17
1022100138,2021-08-21
1022100150,2021-08-27
1022100154,2021-08-29
1022100158,2021-08-31
1022100161,2021-09-02
1022100165,2021-09-05
1022100177,2021-09-12
1022100186,2021-09-17
1022100192,2021-09-19
1022100008,2021-05-16
1022100013,2021-05-19
1022100017,2021-05-21
1022100022,2021-05-23
1022100026,2021-05-25
1022100029,2021-05-28
1022100037,2021-05-30
1022100038,2021-06-01
1022100049,2021-06-05
1022100061,2021-06-13
1022100079,2021-06-22
1022100093,2021-06-29
1022100097,2021-07-01
1022100102,2021-07-03
1022100116,2021-07-11
1022100121,2021-08-15
1022100126,2021-08-17
1022100132,2021-08-19
1022100143,2021-08-24
1022100147,2021-08-26
1022100152,2021-08-28
1022100156,2021-08-31
1022100168,2021-09-07
1022100172,2021-09-09
1022100176,2021-09-11
1022100182,2021-09-15
1022100004,2021-05-14
1022100019,2021-05-22
1022100024,2021-05-24
1022100034,2021-05-29
1022100040,2021-06-01
1022100046,2021-06-04
1022100051,2021-06-06
1022100055,2021-06-08
1022100058,2021-06-11
1022100063,2021-06-13
1022100072,2021-06-17
1022100077,2021-06-19
1022100083,2021-06-24
1022100087,2021-06-26
1022100106,2021-07-05
1022100107,2021-07-07
1022100115,2021-07-11
1022100136,2021-08-20
1022100148,2021-08-26
1022100153,2021-08-28
1022100175,2021-09-11
1022100180,2021-09-13
1022100191,2021-09-19
1022100001,2021-05-14
1022100007,2021-05-16
1022100021,2021-05-23
1022100023,2021-05-25
1022100032,2021-05-28
1022100036,2021-05-30
1022100041,2021-06-01
1022100044,2021-06-03
1022100065,2021-06-15
1022100069,2021-06-17
1022100076,2021-06-19
1022100111,2021-07-09
1022100125,2021-08-15
1022100129,2021-08-17
1022100151,2021-08-28
1022100155,2021-08-31
1022100163,2021-09-04
1022100167,2021-09-06
1022100174,2021-09-10
1022100178,2021-09-12
1022100184,2021-09-17
1022100018,2021-05-21
1022100056,2021-06-10
1022100060,2021-06-12
1022100068,2021-06-16
1022100074,2021-06-18
1022100078,2021-06-20
1022100085,2021-06-24
1022100089,2021-06-27
1022100096,2021-06-30
1022100099,2021-07-02
1022100105,2021-07-04
1022100109,2021-07-07
1022100119,2021-07-11
1022100139,2021-08-22
1022100144,2021-08-24
1022100160,2021-09-02
1022100179,2021-09-12
1022100006,2021-05-15
1022100011,2021-05-18
1022100027,2021-05-26
1022100042,2021-06-03
1022100047,2021-06-05
1022100067,2021-06-15
1022100073,2021-06-17
1022100086,2021-06-25
1022100091,2021-06-27
1022100108,2021-07-07
1022100113,2021-07-09
1022100122,2021-08-15
1022100128,2021-08-17
1022100171,2021-09-08
1022100189,2021-09-19
1022100003,2021-05-14
1022100009,2021-05-18
1022100014,2021-05-20
1022100031,2021-05-28
1022100052,2021-06-08
1022100095,2021-06-30
1022100100,2021-07-03
1022100124,2021-08-15
1022100141,2021-08-24
1022100157,2021-08-31
1022100164,2021-09-04
1022100190,2021-09-19
1022100016,2021-05-21
1022100064,2021-06-13
1022100103,2021-07-03
1022100131,2021-08-18
1022100135,2021-08-20
1022100145,2021-08-25
1022100149,2021-08-27
1022100162,2021-09-02
1022100185,2021-09-17
1022100010,2021-05-18
1022100112,2021-07-09
1022100118,2021-07-11
1022100133,2021-08-19
1022100187,2021-09-17
1022100081,2021-06-22
1022100140,2021-08-22
1022100169,2021-09-07
1042100111,2021-09-23
1042100201,2021-09-26
1042100301,2021-09-28
1042100302,2021-09-30
1042100303,2021-10-03
1042100304,2021-10-06
1042100401,2021-10-10
1042100402,2021-10-13
1042100403,2021-10-15
1042100404,2021-10-17
1042100311,2021-09-28
1042100312,2021-09-30
1042100313,2021-10-03
1042100314,2021-10-06
1042100315,2021-10-08
1042100101,2021-09-23
1042100211,2021-09-26
1022200006,2022-05-07
1022200012,2022-05-11
1022200016,2022-05-13
1022200022,2022-05-15
1022200024,2022-05-17
1022200032,2022-05-20
1022200040,2022-05-24
1022200049,2022-05-29
1022200056,2022-06-01
1022200060,2022-06-03
1022200064,2022-06-05
1022200070,2022-06-07
1022200077,2022-06-10
1022200086,2022-06-15
1022200091,2022-06-17
1022200097,2022-06-21
1022200106,2022-06-24
1022200110,2022-06-26
1022200114,2022-06-28
1022200119,2022-06-30
1022200125,2022-07-03
1022200132,2022-07-06
1022200139,2022-07-12
1022200148,2022-07-15
1022200152,2022-07-17
1022200155,2022-07-19
1022200159,2022-07-21
1022200167,2022-07-24
1022200169,2022-07-28
1022200176,2022-07-30
1022200186,2022-08-03
1022200191,2022-08-05
1022200198,2022-08-07
1022200201,2022-08-09
1022200208,2022-08-12
1022200212,2022-08-14
1022200002,2022-05-06
1022200013,2022-05-11
1022200020,2022-05-14
1022200028,2022-05-18
1022200037,2022-05-22
1022200041,2022-05-24
1022200047,2022-05-28
1022200053,2022-05-31
1022200065,2022-06-05
1022200072,2022-06-08
1022200073,2022-06-10
1022200079,2022-06-12
1022200093,2022-06-19
1022200098,2022-06-21
1022200105,2022-06-23
1022200111,2022-06-26
1022200116,2022-06-29
1022200123,2022-07-02
1022200131,2022-07-06
1022200134,2022-07-07
1022200146,2022-07-14
1022200149,2022-07-16
1022200157,2022-07-20
1022200162,2022-07-22
1022200164,2022-07-23
1022200174,2022-07-29
1022200177,2022-07-31
1022200185,2022-08-02
1022200192,2022-08-05
1022200195,2022-08-07
1022200200,2022-08-09
1022200205,2022-08-11
1022200214,2022-08-14
1022200005,2022-05-07
1022200019,2022-05-14
1022200023,2022-05-17
1022200031,2022-05-20
1022200036,2022-05-22
1022200039,2022-05-24
1022200044,2022-05-26
1022200048,2022-05-28
1022200054,2022-05-31
1022200058,2022-06-02
1022200061,2022-06-03
1022200068,2022-06-05
1022200071,2022-06-08
1022200089,2022-06-17
1022200094,2022-06-19
1022200101,2022-06-22
1022200124,2022-07-03
1022200130,2022-07-05
1022200142,2022-07-13
1022200150,2022-07-17
1022200154,2022-07-19
1022200161,2022-07-22
1022200168,2022-07-24
1022200170,2022-07-28
1022200182,2022-08-02
1022200189,2022-08-04
1022200202,2022-08-09
1022200206,2022-08-11
1022200211,2022-08-14
1022200015,2022-05-13
1022200021,2022-05-15
1022200025,2022-05-17
1022200030,2022-05-19
1022200035,2022-05-21
1022200055,2022-05-31
1022200062,2022-06-03
1022200066,2022-06-05
1022200075,2022-06-10
1022200080,2022-06-12
1022200085,2022-06-15
1022200090,2022-06-17
1022200095,2022-06-19
1022200102,2022-06-23
1022200107,2022-06-25
1022200115,2022-06-28
1022200120,2022-07-01
1022200137,2022-07-12
1022200144,2022-07-14
1022200166,2022-07-24
1022200171,2022-07-28
1022200190,2022-08-04
1022200193,2022-08-06
1022200199,2022-08-08
1022200203,2022-08-10
1022200210,2022-08-12
1022200216,2022-08-14
1022200001,2022-05-06
1022200007,2022-05-08
1022200011,2022-05-10
1022200017,2022-05-13
1022200045,2022-05-27
1022200052,2022-05-31
1022200057,2022-06-01
1022200074,2022-06-10
1022200082,2022-06-12
1022200087,2022-06-15
1022200112,2022-06-27
1022200117,2022-06-29
1022200122,2022-07-01
1022200129,2022-07-05
1022200147,2022-07-15
1022200153,2022-07-17
1022200156,2022-07-19
1022200160,2022-07-21
1022200173,2022-07-29
1022200179,2022-07-31
1022200207,2022-08-12
1022200213,2022-08-14
1022200027,2022-05-17
1022200033,2022-05-20
1022200038,2022-05-23
1022200043,2022-05-25
1022200051,2022-05-29
1022200067,2022-06-05
1022200078,2022-06-11
1022200100,2022-06-21
1022200108,2022-06-25
1022200113,2022-06-27
1022200127,2022-07-03
1022200128,2022-07-04
1022200136,2022-07-07
1022200141,2022-07-12
1022200165,2022-07-23
1022200172,2022-07-28
1022200181,2022-07-31
1022200183,2022-08-02
1022200187,2022-08-03
1022200196,2022-08-07
1022200003,2022-05-06
1022200008,2022-05-08
1022200010,2022-05-10
1022200026,2022-05-17
1022200029,2022-05-19
1022200034,2022-05-21
1022200096,2022-06-19
1022200109,2022-06-25
1022200118,2022-06-29
1022200121,2022-07-01
1022200126,2022-07-03
1022200133,2022-07-06
1022200138,2022-07-12
1022200143,2022-07-14
1022200184,2022-08-02
1022200197,2022-08-07
1022200215,2022-08-14
1022200004,2022-05-06
1022200009,2022-05-08
1022200042,2022-05-24
1022200063,2022-06-05
1022200069,2022-06-07
1022200076,2022-06-10
1022200084,2022-06-14
1022200099,2022-06-21
1022200103,2022-06-23
1022200140,2022-07-12
1022200151,2022-07-17
1022200188,2022-08-03
1022200204,2022-08-10
1022200209,2022-08-12
1022200046,2022-05-27
1022200050,2022-05-29
1022200059,2022-06-03
1022200088,2022-06-16
1022200092,2022-06-19
1022200135,2022-07-07
1022200158,2022-07-21
1022200178,2022-07-31
1022200194,2022-08-06
1022200014,2022-05-11
1022200018,2022-05-14
1022200081,2022-06-12
1022200083,2022-06-14
1022200145,2022-07-14
1022200163,2022-07-22
1022200104,2022-06-23
1022200175,2022-07-30
1022200180,2022-07-31
1042200111,2022-08-17
1042200112,2022-08-20
1042200113,2022-08-23
1042200211,2022-08-28
1042200212,2022-08-31
1042200213,2022-09-04
1042200214,2022-09-06
1042200215,2022-09-08
1042200121,2022-08-18
1042200122,2022-08-21
1042200123,2022-08-24
1042200301,2022-09-11
1042200302,2022-09-13
1042200303,2022-09-15
1042200304,2022-09-18
1042200101,2022-08-17
1042200102,2022-08-20
1042200201,2022-08-28
1042200202,2022-08-31
1042200203,2022-09-04
1042200204,2022-09-06
1042200131,2022-08-18
1042200132,2022-08-21
1022300006,2023-05-20
1022300011,2023-05-23
1022300018,2023-05-28
1022300021,2023-05-30
1022300027,2023-06-02
1022300041,2023-06-09
1022300048,2023-06-11
1022300053,2023-06-13
1022300056,2023-06-15
1022300064,2023-06-18
1022300067,2023-06-20
1022300074,2023-06-23
1022300086,2023-06-28
1022300090,2023-06-30
1022300094,2023-07-02
1022300101,2023-07-05
1022300104,2023-07-07
1022300112,2023-07-09
1022300118,2023-07-12
1022300120,2023-07-18
1022300124,2023-07-20
1022300129,2023-07-22
1022300135,2023-07-25
1022300142,2023-07-27
1022300146,2023-07-30
1022300153,2023-08-01
1022300156,2023-08-03
1022300162,2023-08-06
1022300173,2023-08-10
1022300176,2023-08-12
1022300181,2023-08-13
1022300185,2023-08-18
1022300193,2023-08-22
1022300202,2023-08-25
1022300206,2023-08-27
1022300210,2023-08-29
1022300218,2023-09-01
1022300228,2023-09-06
1022300231,2023-09-08
1022300235,2023-09-10
1022300003,2023-05-19
1022300009,2023-05-21
1022300014,2023-05-26
1022300019,2023-05-28
1022300028,2023-06-02
1022300033,2023-06-04
1022300036,2023-06-06
1022300044,2023-06-09
1022300047,2023-06-11
1022300057,2023-06-15
1022300063,2023-06-18
1022300071,2023-06-22
1022300078,2023-06-25
1022300085,2023-06-28
1022300091,2023-06-30
1022300095,2023-07-02
1022300116,2023-07-12
1022300126,2023-07-20
1022300130,2023-07-22
1022300137,2023-07-25
1022300143,2023-07-28
1022300148,2023-07-30
1022300159,2023-08-04
1022300165,2023-08-06
1022300168,2023-08-08
1022300174,2023-08-11
1022300178,2023-08-13
1022300190,2023-08-20
1022300195,2023-08-22
1022300200,2023-08-24
1022300208,2023-08-27
1022300212,2023-08-29
1022300220,2023-09-03
1022300225,2023-09-05
1022300232,2023-09-08
1022300236,2023-09-10
1022300001,2023-05-19
1022300007,2023-05-21
1022300010,2023-05-23
1022300016,2023-05-27
1022300022,2023-05-30
1022300025,2023-06-01
1022300032,2023-06-04
1022300035,2023-06-06
1022300040,2023-06-08
1022300065,2023-06-18
1022300069,2023-06-20
1022300072,2023-06-22
1022300082,2023-06-27
1022300092,2023-07-01
1022300102,2023-07-06
1022300108,2023-07-09
1022300121,2023-07-18
1022300138,2023-07-25
1022300145,2023-07-30
1022300151,2023-08-01
1022300157,2023-08-04
1022300166,2023-08-08
1022300172,2023-08-10
1022300177,2023-08-12
1022300183,2023-08-18
1022300194,2023-08-22
1022300198,2023-08-24
1022300205,2023-08-27
1022300213,2023-08-31
1022300217,2023-09-01
1022300224,2023-09-05
1022300230,2023-09-08
1022300015,2023-05-26
1022300023,2023-05-30
1022300026,2023-06-02
1022300039,2023-06-07
1022300042,2023-06-09
1022300046,2023-06-11
1022300055,2023-06-14
1022300061,2023-06-17
1022300075,2023-06-23
1022300080,2023-06-25
1022300084,2023-06-27
1022300096,2023-07-02
1022300100,2023-07-05
1022300105,2023-07-07
1022300109,2023-07-09
1022300117,2023-07-12
1022300123,2023-07-19
1022300131,2023-07-22
1022300144,2023-07-28
1022300149,2023-07-30
1022300155,2023-08-02
1022300169,2023-08-08
1022300189,2023-08-20
1022300196,2023-08-22
1022300201,2023-08-24
1022300207,2023-08-27
1022300216,2023-09-01
1022300221,2023-09-03
1022300226,2023-09-05
1022300233,2023-09-08
1022300008,2023-05-21
1022300034,2023-06-04
1022300043,2023-06-09
1022300049,2023-06-11
1022300052,2023-06-13
1022300073,2023-06-22
1022300076,2023-06-24
1022300081,2023-06-26
1022300088,2023-06-29
1022300099,2023-07-05
1022300103,2023-07-07
1022300115,2023-07-12
1022300122,2023-07-19
1022300133,2023-07-23
1022300139,2023-07-25
1022300141,2023-07-27
1022300147,2023-07-30
1022300152,2023-08-01
1022300167,2023-08-08
1022300171,2023-08-10
1022300180,2023-08-13
1022300184,2023-08-18
1022300191,2023-08-20
1022300199,2023-08-24
1022300237,2023-09-10
1022300004,2023-05-19
1022300012,2023-05-25
1022300017,2023-05-27
1022300029,2023-06-02
1022300031,2023-06-03
1022300037,2023-06-06
1022300051,2023-06-11
1022300060,2023-06-16
1022300068,2023-06-20
1022300110,2023-07-09
1022300119,2023-07-12
1022300125,2023-07-20
1022300150,2023-07-30
1022300154,2023-08-01
1022300158,2023-08-04
1022300164,2023-08-06
1022300188,2023-08-19
1022300197,2023-08-23
1022300215,2023-08-31
1022300223,2023-09-03
1022300229,2023-09-07
1022300240,2023-09-10
1022300005,2023-05-20
1022300020,2023-05-28
1022300058,2023-06-15
1022300066,2023-06-18
1022300070,2023-06-21
1022300087,2023-06-29
1022300111,2023-07-09
1022300114,2023-07-11
1022300127,2023-07-20
1022300132,2023-07-22
1022300163,2023-08-06
1022300175,2023-08-11
1022300182,2023-08-17
1022300203,2023-08-26
1022300209,2023-08-28
1022300214,2023-08-31
1022300219,2023-09-02
1022300234,2023-09-08
1022300239,2023-09-10
1022300013,2023-05-25
1022300030,2023-06-03
1022300038,2023-07-28
1022300083,2023-06-27
1022300089,2023-06-29
1022300093,2023-07-01
1022300106,2023-07-07
1022300140,2023-07-26
1022300160,2023-08-04
1022300187,2023-08-18
1022300192,2023-08-20
1022300204,2023-08-26
1022300211,2023-08-29
1022300222,2023-09-03
1022300002,2023-05-19
1022300024,2023-05-30
1022300062,2023-06-18
1022300079,2023-06-25
1022300097,2023-07-02
1022300098,2023-07-05
1022300107,2023-07-08
1022300128,2023-07-21
1022300136,2023-07-25
1022300186,2023-08-18
1022300238,2023-09-10
1022300054,2023-06-13
1022300059,2023-06-16
1022300077,2023-06-24
1022300134,2023-07-23
1022300161,2023-08-05
1022300170,2023-08-08
1022300179,2023-08-13
1022300227,2023-09-05
1022300045,2023-06-09
1022300050,2023-06-11
1022300113,2023-07-11
1042300131,2023-09-15
1042300132,2023-09-19
1042300101,2023-09-13
1042300102,2023-09-17
1042300121,2023-09-13
1042300122,2023-09-17
1042300123,2023-09-20
1042300211,2023-09-24
1042300212,2023-09-26
1042300213,2023-09-29
1042300214,2023-10-01
1042300201,2023-09-24
1042300202,2023-09-26
1042300203,2023-09-29
1042300301,2023-10-08
1042300302,2023-10-11
1042300303,2023-10-15
1042300304,2023-10-18
1042300111,2023-09-15
1042300112,2023-09-19
1022400006,2024-05-15
1022400013,2024-05-18
1022400017,2024-05-21
1022400030,2024-05-26
1022400036,2024-05-29
1022400040,2024-05-31
1022400045,2024-06-02
1022400055,2024-06-06
1022400061,2024-06-08
1022400067,2024-06-11
1022400071,2024-06-13
1022400080,2024-06-16
1022400085,2024-06-19
1022400089,2024-06-21
1022400094,2024-06-23
1022400102,2024-06-28
1022400106,2024-06-30
1022400112,2024-07-02
1022400118,2024-07-05
1022400123,2024-07-07
1022400130,2024-07-10
1022400134,2024-07-12
1022400141,2024-07-14
1022400147,2024-07-17
1022400152,2024-08-16
1022400158,2024-08-18
1022400165,2024-08-21
1022400168,2024-08-23
1022400176,2024-08-26
1022400184,2024-08-28
1022400187,2024-08-30
1022400193,2024-09-01
1022400198,2024-09-03
1022400202,2024-09-06
1022400208,2024-09-08
1022400212,2024-09-10
1022400219,2024-09-13
1022400226,2024-09-15
1022400232,2024-09-17
1022400236,2024-09-19
1022400005,2024-05-15
1022400012,2024-05-18
1022400022,2024-05-23
1022400026,2024-05-25
1022400034,2024-05-28
1022400039,2024-05-30
1022400044,2024-06-01
1022400050,2024-06-04
1022400054,2024-06-06
1022400070,2024-06-12
1022400074,2024-06-14
1022400079,2024-06-16
1022400087,2024-06-20
1022400096,2024-06-23
1022400100,2024-06-27
1022400107,2024-06-30
1022400120,2024-07-05
1022400125,2024-07-07
1022400133,2024-07-11
1022400137,2024-07-13
1022400146,2024-07-16
1022400149,2024-08-15
1022400157,2024-08-17
1022400161,2024-08-18
1022400169,2024-08-23
1022400174,2024-08-25
1022400181,2024-08-28
1022400185,2024-08-30
1022400191,2024-09-01
1022400197,2024-09-03
1022400205,2024-09-06
1022400210,2024-09-08
1022400216,2024-09-11
1022400222,2024-09-13
1022400227,2024-09-15
1022400235,2024-09-19
1022400002,2024-05-14
1022400008,2024-05-17
1022400015,2024-05-20
1022400021,2024-05-23
1022400032,2024-05-28
1022400041,2024-05-31
1022400049,2024-06-04
1022400060,2024-06-08
1022400066,2024-06-10
1022400076,2024-06-15
1022400082,2024-06-18
1022400090,2024-06-21
1022400097,2024-06-23
1022400099,2024-06-27
1022400109,2024-07-01
1022400116,2024-07-04
1022400128,2024-07-10
1022400139,2024-07-14
1022400145,2024-07-16
1022400154,2024-08-16
1022400162,2024-08-20
1022400172,2024-08-24
1022400180,2024-08-28
1022400189,2024-08-31
1022400190,2024-09-01
1022400195,2024-09-03
1022400203,2024-09-06
1022400211,2024-09-08
1022400214,2024-09-10
1022400223,2024-09-13
1022400228,2024-09-15
1022400230,2024-09-17
1022400029,2024-05-25
1022400031,2024-05-26
1022400047,2024-06-02
1022400052,2024-06-05
1022400058,2024-06-07
1022400063,2024-06-09
1022400072,2024-06-13
1022400081,2024-06-17
1022400091,2024-06-22
1022400095,2024-06-23
1022400098,2024-06-27
1022400105,2024-06-29
1022400110,2024-07-01
1022400115,2024-07-03
1022400124,2024-07-07
1022400132,2024-07-10
1022400138,2024-07-13
1022400148,2024-07-17
1022400163,2024-08-20
1022400167,2024-08-22
1022400175,2024-08-25
1022400179,2024-08-27
1022400186,2024-08-30
1022400192,2024-09-01
1022400196,2024-09-03
1022400213,2024-09-10
1022400218,2024-09-12
1022400221,2024-09-13
1022400224,2024-09-15
1022400239,2024-09-19
1022400007,2024-05-16
1022400010,2024-05-18
1022400020,2024-05-22
1022400024,2024-05-24
1022400027,2024-05-25
1022400033,2024-05-28
1022400038,2024-05-30
1022400046,2024-06-02
1022400056,2024-06-07
1022400084,2024-06-19
1022400101,2024-06-27
1022400108,2024-06-30
1022400113,2024-07-02
1022400121,2024-07-06
1022400129,2024-07-10
1022400135,2024-07-12
1022400142,2024-07-14
1022400153,2024-08-16
1022400160,2024-08-18
1022400173,2024-08-24
1022400199,2024-09-04
1022400204,2024-09-06
1022400215,2024-09-11
1022400220,2024-09-13
1022400237,2024-09-19
1022400011,2024-05-18
1022400019,2024-05-21
1022400048,2024-06-02
1022400053,2024-06-05
1022400065,2024-06-09
1022400069,2024-06-11
1022400075,2024-06-14
1022400088,2024-06-20
1022400092,2024-06-22
1022400103,2024-06-28
1022400114,2024-07-02
1022400119,2024-07-05
1022400126,2024-07-07
1022400127,2024-07-09
1022400144,2024-07-16
1022400151,2024-08-15
1022400159,2024-08-18
1022400170,2024-08-23
1022400182,2024-08-28
1022400217,2024-09-11
1022400229,2024-09-15
1022400233,2024-09-17
1022400238,2024-09-19
1022400003,2024-05-14
1022400018,2024-05-21
1022400037,2024-05-29
1022400057,2024-06-07
1022400068,2024-06-11
1022400073,2024-06-13
1022400077,2024-06-15
1022400086,2024-06-19
1022400104,2024-06-29
1022400117,2024-07-04
1022400131,2024-07-10
1022400140,2024-07-14
1022400156,2024-08-17
1022400166,2024-08-21
1022400171,2024-08-23
1022400194,2024-09-01
1022400209,2024-09-08
1022400234,2024-09-17
1022400004,2024-05-14
1022400009,2024-05-17
1022400025,2024-05-25
1022400043,2024-05-31
1022400059,2024-06-07
1022400064,2024-06-09
1022400093,2024-06-22
1022400111,2024-07-02
1022400122,2024-07-06
1022400136,2024-07-12
1022400150,2024-08-15
1022400155,2024-08-17
1022400183,2024-08-28
1022400207,2024-09-08
1022400225,2024-09-15
1022400001,2024-05-14
1022400016,2024-05-20
1022400035,2024-05-29
1022400042,2024-05-31
1022400062,2024-06-09
1022400083,2024-06-18
1022400177,2024-08-26
1022400188,2024-08-30
1022400200,2024-09-05
1022400231,2024-09-17
1022400023,2024-05-23
1022400051,2024-06-04
1022400078,2024-06-16
1022400143,2024-07-16
1022400201,2024-09-05
1022400206,2024-09-07
1022400240,2024-09-19
1022400014,2024-05-19
1022400028,2024-05-25
1022400164,2024-08-20
1022400178,2024-08-26
1042400101,2024-09-22
1042400102,2024-09-24
1042400121,2024-09-22
1042400122,2024-09-25
1042400211,2024-09-29
1042400212,2024-10-01
1042400213,2024-10-04
1042400214,2024-10-06
1042400215,2024-10-08
1042400131,2024-09-22
1042400132,2024-09-24
1042400201,2024-09-29
1042400202,2024-10-01
1042400203,2024-10-04
1042400204,2024-10-06
1042400111,2024-09-22
1042400112,2024-09-25
1042400301,2024-10-10
1042400302,2024-10-13
1042400303,2024-10-16
1042400304,2024-10-18
1042400305,2024-10-20
1022500001,2025-05-16
1022500011,2025-05-20
1022500015,2025-05-22
1022500022,2025-05-24
1022500023,2025-05-25
1022500030,2025-05-27
1022500039,2025-05-30
1022500050,2025-06-06
1022500058,2025-06-10
1022500063,2025-06-13
1022500069,2025-06-15
1022500072,2025-06-17
1022500080,2025-06-20
1022500085,2025-06-22
1022500092,2025-06-24
1022500098,2025-06-27
1022500104,2025-06-29
1022500111,2025-07-03
1022500119,2025-07-07
1022500129,2025-07-11
1022500134,2025-07-13
1022500141,2025-07-16
1022500149,2025-07-22
1022500151,2025-07-23
1022500164,2025-07-27
1022500167,2025-07-29
1022500171,2025-07-30
1022500174,2025-08-01
1022500180,2025-08-03
1022500191,2025-08-07
1022500202,2025-08-10
1022500210,2025-08-13
1022500214,2025-08-15
1022500221,2025-08-17
1022500225,2025-08-19
1022500230,2025-08-21
1022500235,2025-08-23
1022500245,2025-08-27
1022500250,2025-08-29
1022500258,2025-09-01
1022500263,2025-09-03
1022500268,2025-09-05
1022500276,2025-09-08
1022500282,2025-09-10
1022500004,2025-05-17
1022500016,2025-05-22
1022500024,2025-05-25
1022500031,2025-05-27
1022500034,2025-05-29
1022500040,2025-05-31
1022500053,2025-06-07
1022500059,2025-06-10
1022500068,2025-06-15
1022500073,2025-06-17
1022500083,2025-06-21
1022500091,2025-06-24
1022500100,2025-06-27
1022500105,2025-06-29
1022500118,2025-07-06
1022500121,2025-07-08
1022500126,2025-07-09
1022500131,2025-07-12
1022500137,2025-07-14
1022500148,2025-07-22
1022500154,2025-07-24
1022500158,2025-07-27
1022500168,2025-07-29
1022500176,2025-08-01
1022500182,2025-08-03
1022500186,2025-08-05
1022500198,2025-08-09
1022500207,2025-08-13
1022500212,2025-08-15
1022500224,2025-08-19
1022500229,2025-08-21
1022500237,2025-08-23
1022500242,2025-08-25
1022500249,2025-08-28
1022500254,2025-08-30
1022500264,2025-09-03
1022500269,2025-09-05
1022500275,2025-09-07
1022500279,2025-09-09
1022500283,2025-09-11
1022500007,2025-05-18
1022500010,2025-05-20
1022500017,2025-05-23
1022500027,2025-05-27
1022500035,2025-05-30
1022500041,2025-06-01
1022500055,2025-06-08
1022500071,2025-06-17
1022500077,2025-06-18
1022500081,2025-06-20
1022500089,2025-06-22
1022500095,2025-06-25
1022500102,2025-06-27
1022500107,2025-06-29
1022500116,2025-07-06
1022500123,2025-07-09
1022500130,2025-07-11
1022500135,2025-07-13
1022500139,2025-07-15
1022500152,2025-07-24
1022500161,2025-07-27
1022500165,2025-07-28
1022500175,2025-08-01
1022500181,2025-08-03
1022500188,2025-08-05
1022500192,2025-08-07
1022500203,2025-08-10
1022500204,2025-08-11
1022500218,2025-08-17
1022500223,2025-08-19
1022500228,2025-08-21
1022500241,2025-08-25
1022500246,2025-08-27
1022500252,2025-08-30
1022500271,2025-09-06
1022500002,2025-05-16
1022500009,2025-05-19
1022500012,2025-05-21
1022500047,2025-06-03
1022500051,2025-06-06
1022500056,2025-06-08
1022500061,2025-06-11
1022500064,2025-06-13
1022500074,2025-06-17
1022500086,2025-06-22
1022500099,2025-06-27
1022500103,2025-06-28
1022500112,2025-07-03
1022500120,2025-07-07
1022500133,2025-07-13
1022500145,2025-07-16
1022500150,2025-07-22
1022500157,2025-07-25
1022500162,2025-07-27
1022500166,2025-07-28
1022500177,2025-08-01
1022500185,2025-08-05
1022500194,2025-08-08
1022500200,2025-08-10
1022500205,2025-08-12
1022500213,2025-08-15
1022500219,2025-08-17
1022500227,2025-08-20
1022500233,2025-08-22
1022500239,2025-08-24
1022500259,2025-09-01
1022500266,2025-09-04
1022500274,2025-09-07
1022500284,2025-09-11
1022500003,2025-05-16
1022500013,2025-05-21
1022500019,2025-05-23
1022500028,2025-05-27
1022500033,2025-05-29
1022500044,2025-06-01
1022500049,2025-06-05
1022500052,2025-06-07
1022500057,2025-06-09
1022500067,2025-06-14
1022500079,2025-06-19
1022500094,2025-06-25
1022500108,2025-06-29
1022500115,2025-07-05
1022500124,2025-07-09
1022500132,2025-07-12
1022500138,2025-07-14
1022500143,2025-07-16
1022500173,2025-07-31
1022500183,2025-08-03
1022500190,2025-08-06
1022500197,2025-08-09
1022500208,2025-08-13
1022500226,2025-08-19
1022500234,2025-08-22
1022500253,2025-08-30
1022500257,2025-08-31
1022500261,2025-09-02
1022500272,2025-09-06
1022500281,2025-09-09
1022500285,2025-09-11
1022500021,2025-05-24
1022500032,2025-05-28
1022500045,2025-06-03
1022500066,2025-06-14
1022500087,2025-06-22
1022500093,2025-06-24
1022500096,2025-06-26
1022500109,2025-07-03
1022500114,2025-07-05
1022500144,2025-07-16
1022500147,2025-07-22
1022500153,2025-07-24
1022500170,2025-07-30
1022500184,2025-08-03
1022500187,2025-08-05
1022500193,2025-08-07
1022500211,2025-08-15
1022500232,2025-08-22
1022500240,2025-08-24
1022500243,2025-08-26
1022500251,2025-08-29
1022500262,2025-09-02
1022500273,2025-09-07
1022500278,2025-09-09
1022500008,2025-05-18
1022500014,2025-05-21
1022500037,2025-05-30
1022500042,2025-06-01
1022500060,2025-06-11
1022500065,2025-06-14
1022500076,2025-06-17
1022500084,2025-06-21
1022500110,2025-07-03
1022500127,2025-07-10
1022500140,2025-07-15
1022500146,2025-07-22
1022500159,2025-07-26
1022500169,2025-07-29
1022500178,2025-08-01
1022500201,2025-08-10
1022500206,2025-08-12
1022500217,2025-08-17
1022500244,2025-08-26
1022500256,2025-08-31
1022500260,2025-09-01
1022500280,2025-09-09
1022500286,2025-09-11
1022500005,2025-05-17
1022500018,2025-05-23
1022500026,2025-05-25
1022500043,2025-06-01
1022500070,2025-06-15
1022500075,2025-06-17
1022500082,2025-06-20
1022500097,2025-06-26
1022500106,2025-06-29
1022500122,2025-07-08
1022500128,2025-07-10
1022500156,2025-07-25
1022500179,2025-08-02
1022500196,2025-08-08
1022500209,2025-08-13
1022500215,2025-08-15
1022500231,2025-08-21
1022500236,2025-08-23
1022500267,2025-09-04
1022500029,2025-05-27
1022500038,2025-05-30
1022500046,2025-06-03
1022500062,2025-06-11
1022500090,2025-06-24
1022500113,2025-07-03
1022500125,2025-07-09
1022500142,2025-07-16
1022500172,2025-07-30
1022500189,2025-08-05
1022500195,2025-08-08
1022500199,2025-08-10
1022500216,2025-08-16
1022500222,2025-08-19
1022500248,2025-08-28
1022500036,2025-05-30
1022500048,2025-06-05
1022500078,2025-06-19
1022500088,2025-06-22
1022500101,2025-06-27
1022500117,2025-07-06
1022500155,2025-07-25
1022500247,2025-08-28
1022500255,2025-08-30
1022500270,2025-09-05
1022500277,2025-09-09
1022500006,2025-05-17
1022500020,2025-05-23
1022500025,2025-05-25
1022500054,2025-06-07
1022500163,2025-07-27
1022500220,2025-08-17
1022500265,2025-09-04
1022500136,2025-07-13
1022500160,2025-07-26
1022500238,2025-08-24
1042500121,2025-09-14
1042500122,2025-09-16
1042500123,2025-09-18
1042500101,2025-09-14
1042500102,2025-09-17
1042500211,2025-09-21
1042500212,2025-09-23
1042500213,2025-09-26
1042500214,2025-09-28
1042500215,2025-09-30
1042500111,2025-09-14
1042500112,2025-09-16
1042500113,2025-09-18
1042500301,2025-10-03
1042500302,2025-10-05
1042500303,2025-10-08
1042500304,2025-10-10
1042500201,2025-09-21
1042500202,2025-09-23
1042500203,2025-09-26
1042500204,2025-09-28
1042500131,2025-09-14
1042500132,2025-09-17
1042500133,2025-09-19
401857105,2026-08-01
401857106,2026-08-01
401857102,2026-07-31
401857103,2026-07-31
401857104,2026-07-31
401857099,2026-07-30
401857100,2026-07-30
401857101,2026-07-30
401857097,2026-07-29
401857098,2026-07-29
401857092,2026-07-28
401857093,2026-07-28
401857094,2026-07-28
401857095,2026-07-28
401857096,2026-07-28
401857320,2026-07-25
401857086,2026-07-22
401857087,2026-07-22
401857088,2026-07-22
401857089,2026-07-22
401857090,2026-07-22
401857091,2026-07-22
401857083,2026-07-20
401892393,2026-07-20
401857084,2026-07-20
401857085,2026-07-20
401857080,2026-07-19
401857081,2026-07-19
401857082,2026-07-19
401857077,2026-07-18
401857078,2026-07-18
401857079,2026-07-18
401857073,2026-07-17
401857074,2026-07-17
401857075,2026-07-17
401857076,2026-07-17
401857071,2026-07-16
401857068,2026-07-15
401857069,2026-07-15
401857070,2026-07-15
401857066,2026-07-14
401857067,2026-07-14
401857064,2026-07-13
401857065,2026-07-13
401857060,2026-07-12
401857061,2026-07-12
401857062,2026-07-12
401857063,2026-07-12
401857057,2026-07-11
401857059,2026-07-11
401857058,2026-07-11
401857054,2026-07-10
401857055,2026-07-10
401857056,2026-07-10
401857051,2026-07-09
401857052,2026-07-09
401857053,2026-07-09
401857048,2026-07-08
401857049,2026-07-08
401857050,2026-07-08
401857046,2026-07-07
401857047,2026-07-07
401857043,2026-07-06
401857044,2026-07-06
401857045,2026-07-06
401857041,2026-07-05
401857042,2026-07-05
401857039,2026-07-04
401857040,2026-07-04
401857037,2026-07-03
401857038,2026-07-03
401857034,2026-07-02
401857035,2026-07-02
401857036,2026-07-02
401857321,2026-06-30
401857030,2026-06-28
401857031,2026-06-28
401857032,2026-06-28
401857033,2026-06-28
401857027,2026-06-27
401857028,2026-06-27
401857029,2026-06-27
401857024,2026-06-26
401857025,2026-06-26
401857026,2026-06-26
401857021,2026-06-25
401857022,2026-06-25
401857023,2026-06-25
401857017,2026-06-24
401857018,2026-06-24
401857019,2026-06-24
401857020,2026-06-24
401857016,2026-06-23
401857012,2026-06-22
401857013,2026-06-22
401857014,2026-06-22
401857015,2026-06-22
401857009,2026-06-21
401857010,2026-06-21
401857011,2026-06-21
401857006,2026-06-20
401857007,2026-06-20
401857008,2026-06-20
401857003,2026-06-19
401857004,2026-06-19
401857005,2026-06-19
401857002,2026-06-18
401856996,2026-06-17
401856997,2026-06-17
401856998,2026-06-17
401856999,2026-06-17
401857000,2026-06-17
401857001,2026-06-17
401856995,2026-06-16
401856992,2026-06-15
401856993,2026-06-15
401856994,2026-06-15
401856990,2026-06-14
401856991,2026-06-14
401856986,2026-06-13
401856987,2026-06-13
401856988,2026-06-13
401856989,2026-06-13
401856984,2026-06-12
401856985,2026-06-12
401856980,2026-06-11
401856981,2026-06-11
401856982,2026-06-11
401856983,2026-06-11
401856978,2026-06-10
401856979,2026-06-10
401856975,2026-06-09
401856976,2026-06-09
401856977,2026-06-09
401856972,2026-06-08
401856973,2026-06-08
401856974,2026-06-08
401856970,2026-06-07
401856971,2026-06-07
401856966,2026-06-06
401856967,2026-06-06
401856968,2026-06-06
401856969,2026-06-06
401856963,2026-06-05
401856964,2026-06-05
401856965,2026-06-05
401856961,2026-06-04
401856962,2026-06-04
401856959,2026-06-03
401856960,2026-06-03
401856955,2026-06-02
401856956,2026-06-02
401856957,2026-06-02
401856958,2026-06-02
401856953,2026-06-01
401856954,2026-06-01
401856952,2026-05-31
401856949,2026-05-30
401856950,2026-05-30
401856951,2026-05-30
401856945,2026-05-29
401856946,2026-05-29
401856947,2026-05-29
401856948,2026-05-29
401856943,2026-05-28
401856944,2026-05-28
401856938,2026-05-27
401856939,2026-05-27
401856940,2026-05-27
401856941,2026-05-27
401856942,2026-05-27
401856936,2026-05-25
401856937,2026-05-25
401856933,2026-05-24
401856934,2026-05-24
401856935,2026-05-24
401856930,2026-05-23
401856931,2026-05-23
401856932,2026-05-23
401856927,2026-05-22
401856928,2026-05-22
401856929,2026-05-22
401856924,2026-05-21
401856925,2026-05-21
401856926,2026-05-21
401856921,2026-05-20
401856922,2026-05-20
401856923,2026-05-20
401856920,2026-05-19
401856918,2026-05-18
401856919,2026-05-18
401856915,2026-05-17
401856916,2026-05-17
401856914,2026-05-17
401856917,2026-05-17
401856910,2026-05-15
401856911,2026-05-15
401856912,2026-05-15
401856913,2026-05-15
401856908,2026-05-14
401856909,2026-05-14
401856904,2026-05-13
401856905,2026-05-13
401856906,2026-05-13
401856907,2026-05-13
401856901,2026-05-12
401856902,2026-05-12
401856903,2026-05-12
401856896,2026-05-10
401856897,2026-05-10
401856898,2026-05-10
401856900,2026-05-10
401856893,2026-05-09
401856894,2026-05-09
401856899,2026-05-09
401856895,2026-05-09
401856890,2026-05-08
401856891,2026-05-08
401856892,2026-05-08
401857107,2026-08-02
401857108,2026-08-02
401857109,2026-08-02
401857110,2026-08-02
401857111,2026-08-03
401857112,2026-08-03
401857113,2026-08-03
401857114,2026-08-04
401857115,2026-08-05
401857116,2026-08-05
401857117,2026-08-05
401857118,2026-08-05
401857119,2026-08-06
401857120,2026-08-06
401857121,2026-08-06
401857122,2026-08-07
401857123,2026-08-07
401857124,2026-08-07
401857125,2026-08-08
401857126,2026-08-08
401857127,2026-08-08
401857128,2026-08-09
401857129,2026-08-09
401857130,2026-08-09
401857131,2026-08-09
401857132,2026-08-10
401857133,2026-08-10
401857134,2026-08-11
401857135,2026-08-11
401857136,2026-08-11
